[{"field":"form_demonstrasjon/soap/o/vital_signs/kroppsmasseindeks/uspesifisert_hendelse/kroppsmasseindeks","conditions":[{"operator":"lt","value":{"value":null,"code":null,"magnitude":"22","unit":"kg/m2","numerator":null,"denominator":null,"undefined":null,"id":null,"type":null,"issuer":null,"assigner":null,"year":null,"month":null,"week":null,"day":null,"hour":null,"minute":null,"second":null},"actions":[{"action":"set","target":"form_demonstrasjon/soap/a/klinisk_sammendrag/sammendrag","value":{"value":"Pasienten er undervektig. ","code":null,"magnitude":null,"unit":null,"numerator":null,"denominator":null,"undefined":null,"id":null,"type":null,"issuer":null,"assigner":null,"year":null,"month":null,"week":null,"day":null,"hour":null,"minute":null,"second":null}}]},{"operator":"gt","value":{"value":null,"code":null,"magnitude":"30","unit":"kg/m2","numerator":null,"denominator":null,"undefined":null,"id":null,"type":null,"issuer":null,"assigner":null,"year":null,"month":null,"week":null,"day":null,"hour":null,"minute":null,"second":null},"actions":[{"action":"set","target":"form_demonstrasjon/soap/a/klinisk_sammendrag/sammendrag","value":{"value":"Pasienten er overvektig","code":null,"magnitude":null,"unit":null,"numerator":null,"denominator":null,"undefined":null,"id":null,"type":null,"issuer":null,"assigner":null,"year":null,"month":null,"week":null,"day":null,"hour":null,"minute":null,"second":null}}]}]}]