{"parent":null,"id":null,"name":"Form root","localizedName":null,"localizedNames":{},"localizedDescriptions":{},"rmType":"FORM_DEFINITION","nodeId":null,"min":0,"max":0,"aqlPath":null,"inputs":[],"formId":"form_root","cardinality":null,"viewConfig":{"multiplicity":null,"advanced":null,"label":{"custom":false,"value":null,"useLocalizations":false,"localizationsList":null},"expanded":null,"layout":{"label":{"valign":"inherit","align":"inherit"},"field":{"valign":"inherit","align":"inherit"}},"size":{"field":"medium","label":"inherit"},"datasource":null,"extras":null,"annotations":{"showAsWizard":"true"},"field":[],"tags":null},"dependsOn":null,"children":[{"parent":null,"id":null,"name":"Undersøkelsesdato","localizedName":"Undersøkelsesdato","localizedNames":{"en":"Examination date","nb":"Undersøkelsesdato"},"localizedDescriptions":{},"rmType":"DV_DATE_TIME","nodeId":null,"min":0,"max":1,"aqlPath":"/context/start_time","inputs":[{"suffix":null,"type":"DATETIME","terminology":null,"list":null,"validation":null,"defaultValue":null,"listOpen":false,"threeState":null,"presentation":null,"hideTime":false,"columns":null,"lines":null}],"formId":"form_demonstrasjon/start_time","cardinality":null,"viewConfig":{"multiplicity":null,"advanced":{"hidden":false,"readonly":false,"tags":null},"label":{"custom":false,"value":null,"useLocalizations":false,"localizationsList":null},"expanded":null,"layout":{"label":{"valign":"inherit","align":"top"},"field":{"valign":"inherit","align":"inherit"}},"size":{"field":"inherit","label":"inherit"},"datasource":null,"extras":null,"annotations":{"calcId":"when","defaultValue":"DURATION_SUBTRACT(Iso8601DateTime(NowTicks()), \"PT3M\")"},"field":[],"tags":null},"dependsOn":null,"children":[],"inContext":null},{"parent":null,"id":null,"name":"Anamnese","localizedName":"Anamnese","localizedNames":{"en":"Story/History","nb":"Anamnese"},"localizedDescriptions":{"nb":"Et individs sykehistorie/anamnese, som fortalt til kliniker eller dokumentert direkte av individet.","en":"The clinical history of a person, as told to a clinician or recorded directly by an individual/patient."},"rmType":"OBSERVATION","nodeId":"openEHR-EHR-OBSERVATION.story.v1","min":0,"max":1,"aqlPath":"/content[openEHR-EHR-SECTION.soap.v0]/items[at0001]/items[openEHR-EHR-OBSERVATION.story.v1]","inputs":[],"formId":"form_demonstrasjon/soap/s/anamnese","cardinality":null,"viewConfig":{"multiplicity":null,"advanced":{"hidden":false,"readonly":false,"tags":null},"label":{"custom":false,"value":null,"useLocalizations":false,"localizationsList":null},"expanded":null,"layout":{"label":{"valign":"inherit","align":"top"},"field":{"valign":"inherit","align":"inherit"}},"size":{"field":"inherit","label":"inherit"},"datasource":null,"extras":null,"annotations":{},"field":[],"tags":["HideLabel"]},"dependsOn":null,"children":[{"parent":null,"id":null,"name":"Når","localizedName":"Når","localizedNames":{"en":"When","nb":"Når"},"localizedDescriptions":{},"rmType":"DV_DATE_TIME","nodeId":null,"min":0,"max":1,"aqlPath":"/content[openEHR-EHR-SECTION.soap.v0]/items[at0001]/items[openEHR-EHR-OBSERVATION.story.v1]/data[at0001]/events[at0002]/time","inputs":[{"suffix":null,"type":"DATETIME","terminology":null,"list":null,"validation":null,"defaultValue":null,"listOpen":false,"threeState":null,"presentation":null,"hideTime":false,"columns":null,"lines":null}],"formId":"form_demonstrasjon/soap/s/anamnese/uspesifisert_hendelse/time","cardinality":null,"viewConfig":{"multiplicity":null,"advanced":{"hidden":true,"readonly":true,"tags":null},"label":{"custom":false,"value":null,"useLocalizations":false,"localizationsList":null},"expanded":null,"layout":{"label":{"valign":"inherit","align":"inherit"},"field":{"valign":"inherit","align":"inherit"}},"size":{"field":"inherit","label":"inherit"},"datasource":null,"extras":null,"annotations":{"calc":"$when/value"},"field":[],"tags":null},"dependsOn":null,"children":[],"inContext":null},{"parent":null,"id":null,"name":"Anamnese","localizedName":"Anamnese","localizedNames":{"en":"Story","nb":"Anamnese"},"localizedDescriptions":{"nb":"Narrativ beskrivelse av sykehistorie/anamnese.","en":"Narrative description of the clinical history or story."},"rmType":"DV_TEXT","nodeId":"at0004","min":0,"max":1,"aqlPath":"/content[openEHR-EHR-SECTION.soap.v0]/items[at0001]/items[openEHR-EHR-OBSERVATION.story.v1]/data[at0001]/events[at0002]/data[at0003]/items[at0004]/value","inputs":[{"suffix":null,"type":"TEXT","terminology":null,"list":[],"validation":null,"defaultValue":null,"listOpen":false,"threeState":null,"presentation":null,"hideTime":false,"columns":null,"lines":null}],"formId":"form_demonstrasjon/soap/s/anamnese/uspesifisert_hendelse/anamnese","cardinality":null,"viewConfig":{"multiplicity":null,"advanced":{"hidden":false,"readonly":false,"tags":null},"label":{"custom":false,"value":null,"useLocalizations":false,"localizationsList":null},"expanded":null,"layout":{"label":{"valign":"inherit","align":"inherit"},"field":{"valign":"inherit","align":"inherit"}},"size":{"field":"large","label":"inherit"},"datasource":null,"extras":null,"annotations":{},"field":[{"input":{"suffix":null,"type":"DV_TEXT","terminology":null,"list":null,"validation":null,"defaultValue":null,"listOpen":false,"threeState":null,"presentation":null,"hideTime":false,"columns":null,"lines":5},"code":null,"hidden":null,"name":null,"formId":null,"type":null}],"tags":null},"dependsOn":null,"children":[],"inContext":null}],"inContext":null},{"parent":null,"id":null,"name":"Funn ved fysisk undersøkelse","localizedName":"Funn ved fysisk undersøkelse","localizedNames":{"en":"Physical examination findings","nb":"Funn ved fysisk undersøkelse"},"localizedDescriptions":{"nb":"Funn ved fysisk undersøkelse av en helsetjenestemottaker.","en":"Findings observed during the physical examination of a subject of care."},"rmType":"OBSERVATION","nodeId":"openEHR-EHR-OBSERVATION.exam.v1","min":0,"max":-1,"aqlPath":"/content[openEHR-EHR-SECTION.soap.v0]/items[at0002]/items[openEHR-EHR-OBSERVATION.exam.v1]","inputs":[],"formId":"form_demonstrasjon/soap/o/funn_ved_fysisk_undersøkelse","cardinality":null,"viewConfig":{"multiplicity":null,"advanced":{"hidden":false,"readonly":false,"tags":null},"label":{"custom":false,"value":null,"useLocalizations":false,"localizationsList":null},"expanded":null,"layout":{"label":{"valign":"inherit","align":"top"},"field":{"valign":"inherit","align":"inherit"}},"size":{"field":"large","label":"inherit"},"datasource":null,"extras":null,"annotations":{},"field":[],"tags":null},"dependsOn":null,"children":[{"parent":null,"id":null,"name":"Time","localizedName":"Time","localizedNames":{"en":"*Time (en)","nb":"Time"},"localizedDescriptions":{},"rmType":"DV_DATE_TIME","nodeId":null,"min":0,"max":1,"aqlPath":"/content[openEHR-EHR-SECTION.soap.v0]/items[at0002]/items[openEHR-EHR-OBSERVATION.exam.v1]/data[at0001]/events[at0002]/time","inputs":[{"suffix":null,"type":"DATETIME","terminology":null,"list":null,"validation":null,"defaultValue":null,"listOpen":false,"threeState":null,"presentation":null,"hideTime":false,"columns":null,"lines":null}],"formId":"form_demonstrasjon/soap/o/funn_ved_fysisk_undersøkelse/uspesifisert_hendelse/time","cardinality":null,"viewConfig":{"multiplicity":null,"advanced":{"hidden":false,"readonly":true,"tags":null},"label":{"custom":false,"value":null,"useLocalizations":false,"localizationsList":null},"expanded":null,"layout":{"label":{"valign":"inherit","align":"inherit"},"field":{"valign":"inherit","align":"inherit"}},"size":{"field":"inherit","label":"inherit"},"datasource":null,"extras":null,"annotations":{"calc":"$when/value"},"field":[],"tags":null},"dependsOn":null,"children":[],"inContext":null},{"parent":null,"id":null,"name":"Beskrivelse","localizedName":"Beskrivelse","localizedNames":{"en":"Description","nb":"Beskrivelse"},"localizedDescriptions":{"nb":"En narrativ beskrivelse av funn ved en klinisk undersøkelse av et individ.","en":"Narrative description of the overall findings observed during a physical examination of a patient."},"rmType":"DV_TEXT","nodeId":"at0004","min":0,"max":1,"aqlPath":"/content[openEHR-EHR-SECTION.soap.v0]/items[at0002]/items[openEHR-EHR-OBSERVATION.exam.v1]/data[at0001]/events[at0002]/data[at0003]/items[at0004]/value","inputs":[{"suffix":null,"type":"TEXT","terminology":null,"list":[],"validation":null,"defaultValue":null,"listOpen":false,"threeState":null,"presentation":null,"hideTime":false,"columns":null,"lines":null}],"formId":"form_demonstrasjon/soap/o/funn_ved_fysisk_undersøkelse/uspesifisert_hendelse/beskrivelse","cardinality":null,"viewConfig":{"multiplicity":null,"advanced":{"hidden":false,"readonly":false,"tags":null},"label":{"custom":false,"value":null,"useLocalizations":false,"localizationsList":null},"expanded":null,"layout":{"label":{"valign":"inherit","align":"inherit"},"field":{"valign":"inherit","align":"inherit"}},"size":{"field":"inherit","label":"inherit"},"datasource":null,"extras":null,"annotations":{},"field":[{"input":{"suffix":null,"type":"DV_TEXT","terminology":null,"list":null,"validation":null,"defaultValue":null,"listOpen":false,"threeState":null,"presentation":null,"hideTime":false,"columns":null,"lines":3},"code":null,"hidden":null,"name":null,"formId":null,"type":null}],"tags":null},"dependsOn":null,"children":[],"inContext":null},{"parent":null,"id":null,"name":"Fortolkning","localizedName":"Fortolkning","localizedNames":{"en":"Interpretation","nb":"Fortolkning"},"localizedDescriptions":{"nb":"Enkelt ord, setning, frase eller kort beskrivelse som representerer den kliniske betydning og viktigheten av funnene ved den kliniske undersøkelsen.","en":"Single word, phrase or brief description which represents the clinical meaning and significance of the physical examination findings."},"rmType":"DV_TEXT","nodeId":"at0006","min":0,"max":1,"aqlPath":"/content[openEHR-EHR-SECTION.soap.v0]/items[at0002]/items[openEHR-EHR-OBSERVATION.exam.v1]/data[at0001]/events[at0002]/data[at0003]/items[at0006]/value","inputs":[{"suffix":null,"type":"TEXT","terminology":null,"list":[],"validation":null,"defaultValue":null,"listOpen":false,"threeState":null,"presentation":null,"hideTime":false,"columns":null,"lines":null}],"formId":"form_demonstrasjon/soap/o/funn_ved_fysisk_undersøkelse/uspesifisert_hendelse/fortolkning","cardinality":null,"viewConfig":{"multiplicity":null,"advanced":{"hidden":false,"readonly":false,"tags":null},"label":{"custom":false,"value":null,"useLocalizations":false,"localizationsList":null},"expanded":null,"layout":{"label":{"valign":"inherit","align":"inherit"},"field":{"valign":"inherit","align":"inherit"}},"size":{"field":"inherit","label":"inherit"},"datasource":null,"extras":null,"annotations":{},"field":[{"input":{"suffix":null,"type":"DV_TEXT","terminology":null,"list":null,"validation":null,"defaultValue":null,"listOpen":false,"threeState":null,"presentation":null,"hideTime":false,"columns":null,"lines":3},"code":null,"hidden":null,"name":null,"formId":null,"type":null}],"tags":null},"dependsOn":null,"children":[],"inContext":null},{"parent":null,"id":null,"name":"Kommentar","localizedName":"Kommentar","localizedNames":{"en":"Comment","nb":"Kommentar"},"localizedDescriptions":{"nb":"Tekstlig beskrivelse av de fysiske funn som ikke dekkes av andre felt.","en":"Additional narrative about the overall physical examination findings not captured in other fields."},"rmType":"DV_TEXT","nodeId":"at0011","min":0,"max":1,"aqlPath":"/content[openEHR-EHR-SECTION.soap.v0]/items[at0002]/items[openEHR-EHR-OBSERVATION.exam.v1]/data[at0001]/events[at0002]/data[at0003]/items[at0011]/value","inputs":[{"suffix":null,"type":"TEXT","terminology":null,"list":[],"validation":null,"defaultValue":null,"listOpen":false,"threeState":null,"presentation":null,"hideTime":false,"columns":null,"lines":null}],"formId":"form_demonstrasjon/soap/o/funn_ved_fysisk_undersøkelse/uspesifisert_hendelse/kommentar","cardinality":null,"viewConfig":{"multiplicity":null,"advanced":{"hidden":false,"readonly":false,"tags":null},"label":{"custom":false,"value":null,"useLocalizations":false,"localizationsList":null},"expanded":null,"layout":{"label":{"valign":"inherit","align":"inherit"},"field":{"valign":"inherit","align":"inherit"}},"size":{"field":"inherit","label":"inherit"},"datasource":null,"extras":null,"annotations":{},"field":[{"input":{"suffix":null,"type":"DV_TEXT","terminology":null,"list":null,"validation":null,"defaultValue":null,"listOpen":false,"threeState":null,"presentation":null,"hideTime":false,"columns":null,"lines":3},"code":null,"hidden":null,"name":null,"formId":null,"type":null}],"tags":null},"dependsOn":null,"children":[],"inContext":null}],"inContext":null},{"parent":null,"id":null,"name":"Blodtrykk","localizedName":"Blodtrykk","localizedNames":{"en":"*Blodtrykk (nb)","nb":"Blodtrykk"},"localizedDescriptions":{"nb":"Måling av blodtrykket som uttrykk for det arterielle blodtrykk i det systemiske kretsløp.","en":"*Måling av blodtrykket som uttrykk for det arterielle blodtrykk i det systemiske kretsløp. (nb)"},"rmType":"OBSERVATION","nodeId":"openEHR-EHR-OBSERVATION.blood_pressure.v1","min":0,"max":1,"aqlPath":"/content[openEHR-EHR-SECTION.soap.v0]/items[at0002]/items[openEHR-EHR-SECTION.vital_signs.v0]/items[openEHR-EHR-OBSERVATION.blood_pressure.v1]","inputs":[],"formId":"form_demonstrasjon/soap/o/vital_signs/blodtrykk","cardinality":null,"viewConfig":{"multiplicity":null,"advanced":{"hidden":false,"readonly":false,"tags":null},"label":{"custom":false,"value":null,"useLocalizations":false,"localizationsList":null},"expanded":null,"layout":{"label":{"valign":"inherit","align":"top"},"field":{"valign":"inherit","align":"inherit"}},"size":{"field":"inherit","label":"inherit"},"datasource":null,"extras":null,"annotations":{},"field":[],"tags":[]},"dependsOn":null,"children":[{"parent":null,"id":null,"name":"Time","localizedName":"Time","localizedNames":{"en":"*Time (en)","nb":"Time"},"localizedDescriptions":{},"rmType":"DV_DATE_TIME","nodeId":null,"min":0,"max":1,"aqlPath":"/content[openEHR-EHR-SECTION.soap.v0]/items[at0002]/items[openEHR-EHR-SECTION.vital_signs.v0]/items[openEHR-EHR-OBSERVATION.blood_pressure.v1]/data[at0001]/events[at0006]/time","inputs":[{"suffix":null,"type":"DATETIME","terminology":null,"list":null,"validation":null,"defaultValue":null,"listOpen":false,"threeState":null,"presentation":null,"hideTime":false,"columns":null,"lines":null}],"formId":"form_demonstrasjon/soap/o/vital_signs/blodtrykk/uspesifisert_hendelse/time","cardinality":null,"viewConfig":{"multiplicity":null,"advanced":{"hidden":false,"readonly":false,"tags":null},"label":{"custom":false,"value":null,"useLocalizations":false,"localizationsList":null},"expanded":null,"layout":{"label":{"valign":"inherit","align":"inherit"},"field":{"valign":"inherit","align":"inherit"}},"size":{"field":"large","label":"inherit"},"datasource":null,"extras":null,"annotations":{"defaultValue":"DURATION_SUBTRACT(Iso8601DateTime(NowTicks()), \"PT3M\")"},"field":[],"tags":null},"dependsOn":null,"children":[],"inContext":null},{"parent":null,"id":null,"name":"Systolisk","localizedName":"Systolisk","localizedNames":{"en":"*Systolisk (nb)","nb":"Systolisk"},"localizedDescriptions":{"nb":"Maksimalt systemisk arterielt blodtrykk - målt i systolen, det vil si i hjertets kontraksjonsfase.","en":"*Maksimalt systemisk arterielt blodtrykk - målt i systolen, det vil si i hjertets kontraksjonsfase. (nb)"},"rmType":"DV_QUANTITY","nodeId":"at0004","min":0,"max":1,"aqlPath":"/content[openEHR-EHR-SECTION.soap.v0]/items[at0002]/items[openEHR-EHR-SECTION.vital_signs.v0]/items[openEHR-EHR-OBSERVATION.blood_pressure.v1]/data[at0001]/events[at0006]/data[at0003]/items[at0004]/value","inputs":[{"suffix":"magnitude","type":"DECIMAL","terminology":null,"list":null,"validation":null,"defaultValue":"","listOpen":false,"threeState":null,"presentation":null,"hideTime":false,"columns":null,"lines":null},{"suffix":"unit","type":"CODED_TEXT","terminology":null,"list":[{"value":"mm[Hg]","label":"mm[Hg]","currentStates":null,"validation":{"range":{"minOp":">=","min":0.0,"maxOp":"<","max":1000.0},"precision":null},"ordinal":0,"localizedLabels":{},"localizedDescriptions":{}}],"validation":null,"defaultValue":null,"listOpen":false,"threeState":null,"presentation":null,"hideTime":false,"columns":null,"lines":null}],"formId":"form_demonstrasjon/soap/o/vital_signs/blodtrykk/uspesifisert_hendelse/systolisk","cardinality":null,"viewConfig":{"multiplicity":null,"advanced":{"hidden":false,"readonly":false,"tags":null},"label":{"custom":false,"value":null,"useLocalizations":false,"localizationsList":null},"expanded":null,"layout":{"label":{"valign":"inherit","align":"inherit"},"field":{"valign":"inherit","align":"inherit"}},"size":{"field":"large","label":"inherit"},"datasource":null,"extras":null,"annotations":{"calcId":"systolic"},"field":[],"tags":null},"dependsOn":null,"children":[],"inContext":null},{"parent":null,"id":null,"name":"Diastolisk","localizedName":"Diastolisk","localizedNames":{"en":"*Diastolisk (nb)","nb":"Diastolisk"},"localizedDescriptions":{"nb":"Laveste systemiske arterielle blodtrykk - målt i diastolen, det vil si under hjertets relaksasjonsfase.","en":"*Laveste systemiske arterielle blodtrykk - målt i diastolen, det vil si under hjertets relaksasjonsfase. (nb)"},"rmType":"DV_QUANTITY","nodeId":"at0005","min":0,"max":1,"aqlPath":"/content[openEHR-EHR-SECTION.soap.v0]/items[at0002]/items[openEHR-EHR-SECTION.vital_signs.v0]/items[openEHR-EHR-OBSERVATION.blood_pressure.v1]/data[at0001]/events[at0006]/data[at0003]/items[at0005]/value","inputs":[{"suffix":"magnitude","type":"DECIMAL","terminology":null,"list":null,"validation":null,"defaultValue":"","listOpen":false,"threeState":null,"presentation":null,"hideTime":false,"columns":null,"lines":null},{"suffix":"unit","type":"CODED_TEXT","terminology":null,"list":[{"value":"mm[Hg]","label":"mm[Hg]","currentStates":null,"validation":{"range":{"minOp":">=","min":0.0,"maxOp":"<","max":1000.0},"precision":null},"ordinal":0,"localizedLabels":{},"localizedDescriptions":{}}],"validation":null,"defaultValue":null,"listOpen":false,"threeState":null,"presentation":null,"hideTime":false,"columns":null,"lines":null}],"formId":"form_demonstrasjon/soap/o/vital_signs/blodtrykk/uspesifisert_hendelse/diastolisk","cardinality":null,"viewConfig":{"multiplicity":null,"advanced":{"hidden":false,"readonly":false,"tags":null},"label":{"custom":false,"value":null,"useLocalizations":false,"localizationsList":null},"expanded":null,"layout":{"label":{"valign":"inherit","align":"inherit"},"field":{"valign":"inherit","align":"inherit"}},"size":{"field":"large","label":"inherit"},"datasource":null,"extras":null,"annotations":{"calcId":"diastolic"},"field":[],"tags":null},"dependsOn":null,"children":[],"inContext":null},{"parent":null,"id":null,"name":"Middelarterietrykk","localizedName":"Middelarterietrykk","localizedNames":{"en":"*Middelarterietrykk (nb)","nb":"Middelarterietrykk"},"localizedDescriptions":{"nb":"Det gjennomsnittlige trykket mot arterieveggen gjennom en enkelt hjertesyklus. Middeltrykk/MAP måles direkte eller beregnes ut fra systolisk og diastolisk trykk ved hjelp av en matematisk formel.","en":"*Det gjennomsnittlige trykket mot arterieveggen gjennom en enkelt hjertesyklus. Middeltrykk/MAP måles direkte eller beregnes ut fra systolisk og diastolisk trykk ved hjelp av en matematisk formel. (nb)"},"rmType":"DV_QUANTITY","nodeId":"at1006","min":0,"max":1,"aqlPath":"/content[openEHR-EHR-SECTION.soap.v0]/items[at0002]/items[openEHR-EHR-SECTION.vital_signs.v0]/items[openEHR-EHR-OBSERVATION.blood_pressure.v1]/data[at0001]/events[at0006]/data[at0003]/items[at1006]/value","inputs":[{"suffix":"magnitude","type":"DECIMAL","terminology":null,"list":null,"validation":null,"defaultValue":"","listOpen":false,"threeState":null,"presentation":null,"hideTime":false,"columns":null,"lines":null},{"suffix":"unit","type":"CODED_TEXT","terminology":null,"list":[{"value":"mm[Hg]","label":"mm[Hg]","currentStates":null,"validation":{"range":{"minOp":">=","min":0.0,"maxOp":"<","max":1000.0},"precision":null},"ordinal":0,"localizedLabels":{},"localizedDescriptions":{}}],"validation":null,"defaultValue":null,"listOpen":false,"threeState":null,"presentation":null,"hideTime":false,"columns":null,"lines":null}],"formId":"form_demonstrasjon/soap/o/vital_signs/blodtrykk/uspesifisert_hendelse/middelarterietrykk","cardinality":null,"viewConfig":{"multiplicity":null,"advanced":{"hidden":false,"readonly":false,"tags":null},"label":{"custom":false,"value":null,"useLocalizations":false,"localizationsList":null},"expanded":null,"layout":{"label":{"valign":"inherit","align":"inherit"},"field":{"valign":"inherit","align":"inherit"}},"size":{"field":"large","label":"inherit"},"datasource":null,"extras":null,"annotations":{"calc":"((2 * $systolic/magnitude) + $diastolic/magnitude)/3"},"field":[],"tags":null},"dependsOn":null,"children":[],"inContext":null},{"parent":null,"id":null,"name":"Kommentar","localizedName":"Kommentar","localizedNames":{"en":"*Kommentar (nb)","nb":"Kommentar"},"localizedDescriptions":{"nb":"Kommentar til blodtrykksmålingen.","en":"*Kommentar til blodtrykksmålingen. (nb)"},"rmType":"DV_TEXT","nodeId":"at0033","min":0,"max":1,"aqlPath":"/content[openEHR-EHR-SECTION.soap.v0]/items[at0002]/items[openEHR-EHR-SECTION.vital_signs.v0]/items[openEHR-EHR-OBSERVATION.blood_pressure.v1]/data[at0001]/events[at0006]/data[at0003]/items[at0033]/value","inputs":[{"suffix":null,"type":"TEXT","terminology":null,"list":[],"validation":null,"defaultValue":null,"listOpen":false,"threeState":null,"presentation":null,"hideTime":false,"columns":null,"lines":null}],"formId":"form_demonstrasjon/soap/o/vital_signs/blodtrykk/uspesifisert_hendelse/kommentar","cardinality":null,"viewConfig":{"multiplicity":null,"advanced":{"hidden":false,"readonly":false,"tags":null},"label":{"custom":false,"value":null,"useLocalizations":false,"localizationsList":null},"expanded":null,"layout":{"label":{"valign":"inherit","align":"inherit"},"field":{"valign":"inherit","align":"inherit"}},"size":{"field":"large","label":"inherit"},"datasource":null,"extras":null,"annotations":{},"field":[{"input":{"suffix":null,"type":"DV_TEXT","terminology":null,"list":null,"validation":null,"defaultValue":null,"listOpen":false,"threeState":null,"presentation":null,"hideTime":false,"columns":null,"lines":3},"code":null,"hidden":null,"name":null,"formId":null,"type":null}],"tags":["ForceMinMultiplicity"]},"dependsOn":null,"children":[],"inContext":null},{"parent":null,"id":null,"name":"Stilling","localizedName":"Stilling","localizedNames":{"en":"*Stilling (nb)","nb":"Stilling"},"localizedDescriptions":{"nb":"Individets posisjon ved tidspunktet for målingen.","en":"*Individets posisjon ved tidspunktet for målingen. (nb)"},"rmType":"DV_CODED_TEXT","nodeId":"at0008","min":0,"max":1,"aqlPath":"/content[openEHR-EHR-SECTION.soap.v0]/items[at0002]/items[openEHR-EHR-SECTION.vital_signs.v0]/items[openEHR-EHR-OBSERVATION.blood_pressure.v1]/data[at0001]/events[at0006]/state[at0007]/items[at0008]/value","inputs":[{"suffix":"code","type":"CODED_TEXT","terminology":null,"list":[{"value":"at1000","label":"Stående","currentStates":null,"validation":null,"ordinal":0,"localizedLabels":{"nb":"Stående","en":"*Stående (nb)"},"localizedDescriptions":{"nb":"Stående ved tidspunktet for målingen.","en":"*Stående ved tidspunktet for målingen. (nb)"}},{"value":"at1001","label":"Sittende","currentStates":null,"validation":null,"ordinal":0,"localizedLabels":{"nb":"Sittende","en":"*Sittende (nb)"},"localizedDescriptions":{"nb":"Sittende (for eksempel på en stol eller på en seng med føttene på gulvet) på tidspunkt for blodtrykksmålingen.","en":"*Sittende (for eksempel på en stol eller på en seng med føttene på gulvet) på tidspunkt for blodtrykksmålingen. (nb)"}},{"value":"at1002","label":"Tilbakelent","currentStates":null,"validation":null,"ordinal":0,"localizedLabels":{"nb":"Tilbakelent","en":"*Tilbakelent (nb)"},"localizedDescriptions":{"nb":"Sittende tilbakelent ca 45º og med beina hevet til samme høyde som hoften på tidspunkt for blodtrykksmålingen.","en":"*Sittende tilbakelent ca 45º og med beina hevet til samme høyde som hoften på tidspunkt for blodtrykksmålingen. (nb)"}}],"validation":null,"defaultValue":"at1001","listOpen":false,"threeState":null,"presentation":null,"hideTime":false,"columns":null,"lines":null}],"formId":"form_demonstrasjon/soap/o/vital_signs/blodtrykk/uspesifisert_hendelse/stilling","cardinality":null,"viewConfig":{"multiplicity":null,"advanced":{"hidden":false,"readonly":false,"tags":null},"label":{"custom":false,"value":null,"useLocalizations":false,"localizationsList":null},"expanded":null,"layout":{"label":{"valign":"inherit","align":"left"},"field":{"valign":"inherit","align":"inherit"}},"size":{"field":"large","label":"inherit"},"datasource":null,"extras":null,"annotations":{},"field":[{"input":null,"code":{"presentation":"radios","columns":"3"},"hidden":null,"name":null,"formId":null,"type":null}],"tags":null},"dependsOn":null,"children":[],"inContext":null},{"parent":null,"id":null,"name":"Målemetode","localizedName":"Målemetode","localizedNames":{"en":"*Målemetode (nb)","nb":"Målemetode"},"localizedDescriptions":{"nb":"Metode for måling av blodtrykket.","en":"*Metode for måling av blodtrykket. (nb)"},"rmType":"DV_CODED_TEXT","nodeId":"at1035","min":0,"max":1,"aqlPath":"/content[openEHR-EHR-SECTION.soap.v0]/items[at0002]/items[openEHR-EHR-SECTION.vital_signs.v0]/items[openEHR-EHR-OBSERVATION.blood_pressure.v1]/protocol[at0011]/items[at1035]/value","inputs":[{"suffix":"code","type":"CODED_TEXT","terminology":null,"list":[{"value":"at1036","label":"Auskultasjon","currentStates":null,"validation":null,"ordinal":0,"localizedLabels":{"nb":"Auskultasjon","en":"*Auskultasjon (nb)"},"localizedDescriptions":{"nb":"Metode for måling av blodtrykk eksternt, ved hjelp av stetoskop og Korotkofflyder.","en":"*Metode for måling av blodtrykk eksternt, ved hjelp av stetoskop og Korotkofflyder. (nb)"}},{"value":"at1037","label":"Palpasjon","currentStates":null,"validation":null,"ordinal":0,"localizedLabels":{"nb":"Palpasjon","en":"*Palpasjon (nb)"},"localizedDescriptions":{"nb":"Metode for måling av blodtrykket eksternt, ved hjelp av palpasjon (vanligvis av arteriene brachialis eller radialis).","en":"*Metode for måling av blodtrykket eksternt, ved hjelp av palpasjon (vanligvis av arteriene brachialis eller radialis). (nb)"}}],"validation":null,"defaultValue":"at1036","listOpen":false,"threeState":null,"presentation":null,"hideTime":false,"columns":null,"lines":null}],"formId":"form_demonstrasjon/soap/o/vital_signs/blodtrykk/målemetode","cardinality":null,"viewConfig":{"multiplicity":null,"advanced":{"hidden":false,"readonly":false,"tags":null},"label":{"custom":false,"value":null,"useLocalizations":false,"localizationsList":null},"expanded":null,"layout":{"label":{"valign":"inherit","align":"left"},"field":{"valign":"inherit","align":"inherit"}},"size":{"field":"large","label":"inherit"},"datasource":null,"extras":null,"annotations":{},"field":[{"input":null,"code":{"presentation":"radios","columns":"2"},"hidden":null,"name":null,"formId":null,"type":null}],"tags":null},"dependsOn":null,"children":[],"inContext":null},{"parent":null,"id":null,"name":"Mansjettstørrelse","localizedName":"Mansjettstørrelse","localizedNames":{"en":"*Mansjettstørrelse (nb)","nb":"Mansjettstørrelse"},"localizedDescriptions":{"nb":"Størrelse på blodtrykkmansjetten som anvendes til måling av blodtrykket. (Cuffstørrelse)","en":"*Størrelse på blodtrykkmansjetten som anvendes til måling av blodtrykket. (Cuffstørrelse) (nb)"},"rmType":"DV_CODED_TEXT","nodeId":"at0013","min":0,"max":1,"aqlPath":"/content[openEHR-EHR-SECTION.soap.v0]/items[at0002]/items[openEHR-EHR-SECTION.vital_signs.v0]/items[openEHR-EHR-OBSERVATION.blood_pressure.v1]/protocol[at0011]/items[at0013]/value","inputs":[{"suffix":"code","type":"CODED_TEXT","terminology":null,"list":[{"value":"at0016","label":"Store voksne","currentStates":null,"validation":null,"ordinal":0,"localizedLabels":{"nb":"Store voksne","en":"*Store voksne (nb)"},"localizedDescriptions":{"nb":"En blodtrykksmansjett for voksne med store armer.","en":"*En blodtrykksmansjett for voksne med store armer. (nb)"}},{"value":"at0017","label":"Voksne","currentStates":null,"validation":null,"ordinal":0,"localizedLabels":{"nb":"Voksne","en":"*Voksne (nb)"},"localizedDescriptions":{"nb":"En standard blodtrykksmansjett til voksne.","en":"*En standard blodtrykksmansjett til voksne. (nb)"}},{"value":"at1009","label":"Barn","currentStates":null,"validation":null,"ordinal":0,"localizedLabels":{"nb":"Barn","en":"*Barn (nb)"},"localizedDescriptions":{"nb":"En blodtrykksmansjett til barn eller små voksne med tynne armer.","en":"*En blodtrykksmansjett til barn eller små voksne med tynne armer. (nb)"}}],"validation":null,"defaultValue":"at0017","listOpen":false,"threeState":null,"presentation":null,"hideTime":false,"columns":null,"lines":null}],"formId":"form_demonstrasjon/soap/o/vital_signs/blodtrykk/mansjettstørrelse","cardinality":null,"viewConfig":{"multiplicity":null,"advanced":{"hidden":false,"readonly":false,"tags":null},"label":{"custom":false,"value":null,"useLocalizations":false,"localizationsList":null},"expanded":null,"layout":{"label":{"valign":"inherit","align":"left"},"field":{"valign":"inherit","align":"inherit"}},"size":{"field":"inherit","label":"inherit"},"datasource":null,"extras":null,"annotations":{},"field":[{"input":null,"code":{"presentation":"radios","columns":"3"},"hidden":null,"name":null,"formId":null,"type":null}],"tags":null},"dependsOn":null,"children":[],"inContext":null},{"parent":null,"id":null,"name":"Målested","localizedName":"Målested","localizedNames":{"en":"*Målested (nb)","nb":"Målested"},"localizedDescriptions":{"nb":"Anatomisk sted hvor blodtrykket måles. Bruk listen over interne koder for valg av vanlige målesteder. Bruk fri eller kodet tekst for registrering av mer spesifikke detaljer eller et målested som ikke inngår i listen over vanlige steder. Henvis eventuelt til ekstern terminologi.","en":"*Anatomisk sted hvor blodtrykket måles. Bruk listen over interne koder for valg av vanlige målesteder. Bruk fri eller kodet tekst for registrering av mer spesifikke detaljer eller et målested som ikke inngår i listen over vanlige steder. Henvis eventuelt til ekstern terminologi. (nb)"},"rmType":"DV_CODED_TEXT","nodeId":"at0014","min":0,"max":1,"aqlPath":"/content[openEHR-EHR-SECTION.soap.v0]/items[at0002]/items[openEHR-EHR-SECTION.vital_signs.v0]/items[openEHR-EHR-OBSERVATION.blood_pressure.v1]/protocol[at0011]/items[at0014]/value","inputs":[{"suffix":"code","type":"CODED_TEXT","terminology":null,"list":[{"value":"at0025","label":"Overarm, høyre","currentStates":null,"validation":null,"ordinal":0,"localizedLabels":{"nb":"Overarm, høyre","en":"*Overarm, høyre (nb)"},"localizedDescriptions":{"nb":"Individets høyre overarm.","en":"*Individets høyre overarm. (nb)"}},{"value":"at0026","label":"Overarm, venstre","currentStates":null,"validation":null,"ordinal":0,"localizedLabels":{"nb":"Overarm, venstre","en":"*Overarm, venstre (nb)"},"localizedDescriptions":{"nb":"Individets venstre overarm.","en":"*Individets venstre overarm. (nb)"}}],"validation":null,"defaultValue":"at0025","listOpen":false,"threeState":null,"presentation":null,"hideTime":false,"columns":null,"lines":null}],"formId":"form_demonstrasjon/soap/o/vital_signs/blodtrykk/målested","cardinality":null,"viewConfig":{"multiplicity":null,"advanced":{"hidden":false,"readonly":false,"tags":null},"label":{"custom":false,"value":null,"useLocalizations":false,"localizationsList":null},"expanded":null,"layout":{"label":{"valign":"inherit","align":"left"},"field":{"valign":"inherit","align":"inherit"}},"size":{"field":"inherit","label":"inherit"},"datasource":null,"extras":null,"annotations":{},"field":[{"input":null,"code":{"presentation":"radios","columns":"2"},"hidden":null,"name":null,"formId":null,"type":null}],"tags":null},"dependsOn":null,"children":[],"inContext":null},{"parent":null,"id":null,"name":"Søvnstatus","localizedName":"Søvnstatus","localizedNames":{"en":"*Søvnstatus (nb)","nb":"Søvnstatus"},"localizedDescriptions":{"nb":"Søvnstatus - understøtter tolkning av 24 timers ambulant blodtrykksmåling.","en":"*Søvnstatus - understøtter tolkning av 24 timers ambulant blodtrykksmåling. (nb)"},"rmType":"DV_CODED_TEXT","nodeId":"at1043","min":0,"max":1,"aqlPath":"/content[openEHR-EHR-SECTION.soap.v0]/items[at0002]/items[openEHR-EHR-SECTION.vital_signs.v0]/items[openEHR-EHR-OBSERVATION.blood_pressure.v1]/data[at0001]/events[at0006]/state[at0007]/items[at1043]/value","inputs":[{"suffix":"code","type":"CODED_TEXT","terminology":null,"list":[{"value":"at1044","label":"Våken","currentStates":null,"validation":null,"ordinal":0,"localizedLabels":{"nb":"Våken","en":"*Våken (nb)"},"localizedDescriptions":{"nb":"Individet er ved full bevissthet.","en":"*Individet er ved full bevissthet. (nb)"}}],"validation":null,"defaultValue":"at1044","listOpen":false,"threeState":null,"presentation":null,"hideTime":false,"columns":null,"lines":null}],"formId":"form_demonstrasjon/soap/o/vital_signs/blodtrykk/uspesifisert_hendelse/søvnstatus","cardinality":null,"viewConfig":{"multiplicity":null,"advanced":{"hidden":true,"readonly":false,"tags":null},"label":{"custom":false,"value":null,"useLocalizations":false,"localizationsList":null},"expanded":null,"layout":{"label":{"valign":"inherit","align":"left"},"field":{"valign":"inherit","align":"inherit"}},"size":{"field":"inherit","label":"inherit"},"datasource":null,"extras":null,"annotations":{},"field":[{"input":null,"code":{"presentation":"combobox","columns":"1"},"hidden":null,"name":null,"formId":null,"type":null}],"tags":null},"dependsOn":null,"children":[],"inContext":null}],"inContext":null},{"parent":null,"id":null,"name":"Kroppstemperatur","localizedName":"Kroppstemperatur","localizedNames":{"en":"*Kroppstemperatur (nb)","nb":"Kroppstemperatur"},"localizedDescriptions":{"nb":"Måling av kroppstemperatur som skal gjenspeile et individs kjernetemperatur.","en":"*Måling av kroppstemperatur som skal gjenspeile et individs kjernetemperatur. (nb)"},"rmType":"OBSERVATION","nodeId":"openEHR-EHR-OBSERVATION.body_temperature.v1","min":0,"max":1,"aqlPath":"/content[openEHR-EHR-SECTION.soap.v0]/items[at0002]/items[openEHR-EHR-SECTION.vital_signs.v0]/items[openEHR-EHR-OBSERVATION.body_temperature.v1]","inputs":[],"formId":"form_demonstrasjon/soap/o/vital_signs/kroppstemperatur","cardinality":null,"viewConfig":{"multiplicity":null,"advanced":{"hidden":false,"readonly":false,"tags":null},"label":{"custom":false,"value":null,"useLocalizations":false,"localizationsList":null},"expanded":null,"layout":{"label":{"valign":"inherit","align":"top"},"field":{"valign":"inherit","align":"inherit"}},"size":{"field":"large","label":"inherit"},"datasource":null,"extras":null,"annotations":{},"field":[],"tags":["ForceMinMultiplicity"]},"dependsOn":null,"children":[{"parent":null,"id":null,"name":"Temperatur","localizedName":"Temperatur","localizedNames":{"en":"*Temperatur (nb)","nb":"Temperatur"},"localizedDescriptions":{"nb":"Målt kroppstemperatur som uttrykk for kjernetemperatur.","en":"*Målt kroppstemperatur som uttrykk for kjernetemperatur. (nb)"},"rmType":"DV_QUANTITY","nodeId":"at0004","min":1,"max":1,"aqlPath":"/content[openEHR-EHR-SECTION.soap.v0]/items[at0002]/items[openEHR-EHR-SECTION.vital_signs.v0]/items[openEHR-EHR-OBSERVATION.body_temperature.v1]/data[at0002]/events[at0003]/data[at0001]/items[at0004]/value","inputs":[{"suffix":"magnitude","type":"DECIMAL","terminology":null,"list":null,"validation":null,"defaultValue":"37","listOpen":false,"threeState":null,"presentation":null,"hideTime":false,"columns":null,"lines":null},{"suffix":"unit","type":"CODED_TEXT","terminology":null,"list":[{"value":"Cel","label":"Cel","currentStates":null,"validation":{"range":{"minOp":">=","min":0.0,"maxOp":"<","max":100.0},"precision":null},"ordinal":0,"localizedLabels":{},"localizedDescriptions":{}}],"validation":null,"defaultValue":"Cel","listOpen":false,"threeState":null,"presentation":null,"hideTime":false,"columns":null,"lines":null}],"formId":"form_demonstrasjon/soap/o/vital_signs/kroppstemperatur/uspesifisert_hendelse/temperatur","cardinality":null,"viewConfig":{"multiplicity":null,"advanced":{"hidden":false,"readonly":false,"tags":null},"label":{"custom":false,"value":null,"useLocalizations":false,"localizationsList":null},"expanded":null,"layout":{"label":{"valign":"inherit","align":"inherit"},"field":{"valign":"inherit","align":"inherit"}},"size":{"field":"inherit","label":"inherit"},"datasource":null,"extras":null,"annotations":{"steP_INTERVAL":"0.1"},"field":[],"tags":null},"dependsOn":null,"children":[],"inContext":null},{"parent":null,"id":null,"name":"Time","localizedName":"Time","localizedNames":{"en":"*Time (en)","nb":"Time"},"localizedDescriptions":{},"rmType":"DV_DATE_TIME","nodeId":null,"min":0,"max":1,"aqlPath":"/content[openEHR-EHR-SECTION.soap.v0]/items[at0002]/items[openEHR-EHR-SECTION.vital_signs.v0]/items[openEHR-EHR-OBSERVATION.body_temperature.v1]/data[at0002]/events[at0003]/time","inputs":[{"suffix":null,"type":"DATETIME","terminology":null,"list":null,"validation":null,"defaultValue":null,"listOpen":false,"threeState":null,"presentation":null,"hideTime":false,"columns":null,"lines":null}],"formId":"form_demonstrasjon/soap/o/vital_signs/kroppstemperatur/uspesifisert_hendelse/time","cardinality":null,"viewConfig":{"multiplicity":null,"advanced":{"hidden":true,"readonly":false,"tags":null},"label":{"custom":false,"value":null,"useLocalizations":false,"localizationsList":null},"expanded":null,"layout":{"label":{"valign":"inherit","align":"inherit"},"field":{"valign":"inherit","align":"inherit"}},"size":{"field":"inherit","label":"inherit"},"datasource":null,"extras":null,"annotations":{"defaultValue":"DURATION_SUBTRACT(Iso8601DateTime(NowTicks()), \"PT3M\")"},"field":[],"tags":null},"dependsOn":null,"children":[],"inContext":null},{"parent":null,"id":null,"name":"Kroppseksponering","localizedName":"Kroppseksponering","localizedNames":{"en":"*Kroppseksponering (nb)","nb":"Kroppseksponering"},"localizedDescriptions":{"nb":"Grad av tildekking av individet da temperaturen ble målt.","en":"*Grad av tildekking av individet da temperaturen ble målt. (nb)"},"rmType":"DV_CODED_TEXT","nodeId":"at0030","min":0,"max":1,"aqlPath":"/content[openEHR-EHR-SECTION.soap.v0]/items[at0002]/items[openEHR-EHR-SECTION.vital_signs.v0]/items[openEHR-EHR-OBSERVATION.body_temperature.v1]/data[at0002]/events[at0003]/state[at0029]/items[at0030]/value","inputs":[{"suffix":"code","type":"CODED_TEXT","terminology":null,"list":[{"value":"at0032","label":"Redusert påkledning/tildekking","currentStates":null,"validation":null,"ordinal":0,"localizedLabels":{"nb":"Redusert påkledning/tildekking","en":"*Redusert påkledning/tildekking (nb)"},"localizedDescriptions":{"nb":"Individet er mindre påkledt eller tildekket enn temperaturen i omgivelsene skulle tilsi.","en":"*Individet er mindre påkledt eller tildekket enn temperaturen i omgivelsene skulle tilsi. (nb)"}},{"value":"at0033","label":"Passende påkleding/tildekking","currentStates":null,"validation":null,"ordinal":0,"localizedLabels":{"nb":"Passende påkleding/tildekking","en":"*Passende påkleding/tildekking (nb)"},"localizedDescriptions":{"nb":"Individet er passende påkledt eller tildekket i forhold til hva temperaturen i omgivelsene skulle tilsi.","en":"*Individet er passende påkledt eller tildekket i forhold til hva temperaturen i omgivelsene skulle tilsi. (nb)"}},{"value":"at0034","label":"Økt påkledning/tildekking","currentStates":null,"validation":null,"ordinal":0,"localizedLabels":{"nb":"Økt påkledning/tildekking","en":"*Økt påkledning/tildekking (nb)"},"localizedDescriptions":{"nb":"Individet er mer påkledt eller tildekket enn temperaturen i omgivelsene skulle tilsi.","en":"*Individet er mer påkledt eller tildekket enn temperaturen i omgivelsene skulle tilsi. (nb)"}}],"validation":null,"defaultValue":"at0033","listOpen":false,"threeState":null,"presentation":null,"hideTime":false,"columns":null,"lines":null}],"formId":"form_demonstrasjon/soap/o/vital_signs/kroppstemperatur/uspesifisert_hendelse/kroppseksponering","cardinality":null,"viewConfig":{"multiplicity":null,"advanced":{"hidden":false,"readonly":false,"tags":null},"label":{"custom":false,"value":null,"useLocalizations":false,"localizationsList":null},"expanded":null,"layout":{"label":{"valign":"inherit","align":"inherit"},"field":{"valign":"inherit","align":"inherit"}},"size":{"field":"inherit","label":"inherit"},"datasource":null,"extras":null,"annotations":{},"field":[{"input":null,"code":{"presentation":"combobox","columns":"3"},"hidden":null,"name":null,"formId":null,"type":null}],"tags":null},"dependsOn":null,"children":[],"inContext":null},{"parent":null,"id":null,"name":"Målested","localizedName":"Målested","localizedNames":{"en":"*Målested (nb)","nb":"Målested"},"localizedDescriptions":{"nb":"Det anatomiske målestedet for måling av temperatur.","en":"*Det anatomiske målestedet for måling av temperatur. (nb)"},"rmType":"DV_CODED_TEXT","nodeId":"at0021","min":0,"max":1,"aqlPath":"/content[openEHR-EHR-SECTION.soap.v0]/items[at0002]/items[openEHR-EHR-SECTION.vital_signs.v0]/items[openEHR-EHR-OBSERVATION.body_temperature.v1]/protocol[at0020]/items[at0021]/value","inputs":[{"suffix":"code","type":"CODED_TEXT","terminology":null,"list":[{"value":"at0024","label":"Armhule","currentStates":null,"validation":null,"ordinal":0,"localizedLabels":{"nb":"Armhule","en":"*Armhule (nb)"},"localizedDescriptions":{"nb":"Temperatur er målt i armhulen med armen posisjonert ned langs siden.","en":"*Temperatur er målt i armhulen med armen posisjonert ned langs siden. (nb)"}},{"value":"at0023","label":"Øre","currentStates":null,"validation":null,"ordinal":0,"localizedLabels":{"nb":"Øre","en":"*Øre (nb)"},"localizedDescriptions":{"nb":"Temperatur målt ved infrarød stråling fra trommehinnen i ytre ørekanal.","en":"*Temperatur målt ved infrarød stråling fra trommehinnen i ytre ørekanal. (nb)"}},{"value":"at0022","label":"Munn","currentStates":null,"validation":null,"ordinal":0,"localizedLabels":{"nb":"Munn","en":"*Munn (nb)"},"localizedDescriptions":{"nb":"Temperatur målt i munnhulen (under tungen).","en":"*Temperatur målt i munnhulen (under tungen). (nb)"}}],"validation":null,"defaultValue":"at0023","listOpen":false,"threeState":null,"presentation":null,"hideTime":false,"columns":null,"lines":null}],"formId":"form_demonstrasjon/soap/o/vital_signs/kroppstemperatur/målested","cardinality":null,"viewConfig":{"multiplicity":null,"advanced":{"hidden":false,"readonly":false,"tags":null},"label":{"custom":false,"value":null,"useLocalizations":false,"localizationsList":null},"expanded":null,"layout":{"label":{"valign":"inherit","align":"inherit"},"field":{"valign":"inherit","align":"inherit"}},"size":{"field":"inherit","label":"inherit"},"datasource":null,"extras":null,"annotations":{},"field":[{"input":null,"code":{"presentation":"combobox","columns":"3"},"hidden":null,"name":null,"formId":null,"type":null}],"tags":null},"dependsOn":null,"children":[],"inContext":null}],"inContext":null},{"parent":null,"id":null,"name":"Høyde/Lengde","localizedName":"Høyde/Lengde","localizedNames":{"en":"*Høyde/Lengde (nb)","nb":"Høyde/Lengde"},"localizedDescriptions":{"nb":"Individets høyde eller lengde målt fra isse til fotsåle. Høyde måles stående og lengde liggende.","en":"*Individets høyde eller lengde målt fra isse til fotsåle. Høyde måles stående og lengde liggende. (nb)"},"rmType":"OBSERVATION","nodeId":"openEHR-EHR-OBSERVATION.height.v1","min":0,"max":1,"aqlPath":"/content[openEHR-EHR-SECTION.soap.v0]/items[at0002]/items[openEHR-EHR-SECTION.vital_signs.v0]/items[openEHR-EHR-OBSERVATION.height.v1]","inputs":[],"formId":"form_demonstrasjon/soap/o/vital_signs/høyde_lengde","cardinality":null,"viewConfig":{"multiplicity":null,"advanced":{"hidden":false,"readonly":false,"tags":null},"label":{"custom":false,"value":null,"useLocalizations":false,"localizationsList":null},"expanded":null,"layout":{"label":{"valign":"inherit","align":"top"},"field":{"valign":"inherit","align":"inherit"}},"size":{"field":"large","label":"inherit"},"datasource":null,"extras":null,"annotations":{},"field":[],"tags":null},"dependsOn":null,"children":[{"parent":null,"id":null,"name":"Høyde/lengde","localizedName":"Høyde/lengde","localizedNames":{"en":"*Høyde/lengde (nb)","nb":"Høyde/lengde"},"localizedDescriptions":{"nb":"Høyde/lengde fra isse til fotsåle.","en":"*Høyde/lengde fra isse til fotsåle. (nb)"},"rmType":"DV_QUANTITY","nodeId":"at0004","min":0,"max":1,"aqlPath":"/content[openEHR-EHR-SECTION.soap.v0]/items[at0002]/items[openEHR-EHR-SECTION.vital_signs.v0]/items[openEHR-EHR-OBSERVATION.height.v1]/data[at0001]/events[at0002]/data[at0003]/items[at0004]/value","inputs":[{"suffix":"magnitude","type":"DECIMAL","terminology":null,"list":null,"validation":null,"defaultValue":"","listOpen":false,"threeState":null,"presentation":null,"hideTime":false,"columns":null,"lines":null},{"suffix":"unit","type":"CODED_TEXT","terminology":null,"list":[{"value":"cm","label":"cm","currentStates":null,"validation":{"range":{"minOp":">=","min":0.0,"maxOp":"<=","max":500.0},"precision":null},"ordinal":0,"localizedLabels":{},"localizedDescriptions":{}}],"validation":null,"defaultValue":null,"listOpen":false,"threeState":null,"presentation":null,"hideTime":false,"columns":null,"lines":null}],"formId":"form_demonstrasjon/soap/o/vital_signs/høyde_lengde/uspesifisert_hendelse/høyde_lengde","cardinality":null,"viewConfig":{"multiplicity":null,"advanced":{"hidden":false,"readonly":false,"tags":null},"label":{"custom":false,"value":null,"useLocalizations":false,"localizationsList":null},"expanded":null,"layout":{"label":{"valign":"inherit","align":"inherit"},"field":{"valign":"inherit","align":"inherit"}},"size":{"field":"inherit","label":"inherit"},"datasource":null,"extras":null,"annotations":{"calcId":"height"},"field":[],"tags":null},"dependsOn":null,"children":[],"inContext":null},{"parent":null,"id":null,"name":"Når","localizedName":"Når","localizedNames":{"en":"When","nb":"Når"},"localizedDescriptions":{},"rmType":"DV_DATE_TIME","nodeId":null,"min":0,"max":1,"aqlPath":"/content[openEHR-EHR-SECTION.soap.v0]/items[at0002]/items[openEHR-EHR-SECTION.vital_signs.v0]/items[openEHR-EHR-OBSERVATION.height.v1]/data[at0001]/events[at0002]/time","inputs":[{"suffix":null,"type":"DATETIME","terminology":null,"list":null,"validation":null,"defaultValue":null,"listOpen":false,"threeState":null,"presentation":null,"hideTime":false,"columns":null,"lines":null}],"formId":"form_demonstrasjon/soap/o/vital_signs/høyde_lengde/uspesifisert_hendelse/time","cardinality":null,"viewConfig":{"multiplicity":null,"advanced":{"hidden":true,"readonly":false,"tags":null},"label":{"custom":false,"value":null,"useLocalizations":false,"localizationsList":null},"expanded":null,"layout":{"label":{"valign":"inherit","align":"inherit"},"field":{"valign":"inherit","align":"inherit"}},"size":{"field":"inherit","label":"inherit"},"datasource":null,"extras":null,"annotations":{"defaultValue":"DURATION_SUBTRACT(Iso8601DateTime(NowTicks()), \"PT3M\")"},"field":[],"tags":null},"dependsOn":null,"children":[],"inContext":null},{"parent":null,"id":null,"name":"Kroppsstilling","localizedName":"Kroppsstilling","localizedNames":{"en":"*Kroppsstilling (nb)","nb":"Kroppsstilling"},"localizedDescriptions":{"nb":"Individets kroppsstilling på måletidspunktet.","en":"*Individets kroppsstilling på måletidspunktet. (nb)"},"rmType":"DV_CODED_TEXT","nodeId":"at0014","min":0,"max":1,"aqlPath":"/content[openEHR-EHR-SECTION.soap.v0]/items[at0002]/items[openEHR-EHR-SECTION.vital_signs.v0]/items[openEHR-EHR-OBSERVATION.height.v1]/data[at0001]/events[at0002]/state[at0013]/items[at0014]/value","inputs":[{"suffix":"code","type":"CODED_TEXT","terminology":null,"list":[{"value":"at0016","label":"Stående","currentStates":null,"validation":null,"ordinal":0,"localizedLabels":{"nb":"Stående","en":"*Stående (nb)"},"localizedDescriptions":{"nb":"Høyde måles optimalt uten sko, uten sokker (for å se fotstillingen skikkelig), rumpen inntil veggen, skuldrene inntil veggen, hodet i Frankfurt stilling (nedre orbitalkant horisontalt med ytre øregang). En skal si til vedkommende \"stå rett\", men ikke skyve opp hodet.","en":"*Høyde måles optimalt uten sko, uten sokker (for å se fotstillingen skikkelig), rumpen inntil veggen, skuldrene inntil veggen, hodet i Frankfurt stilling (nedre orbitalkant horisontalt med ytre øregang). En skal si til vedkommende \"stå rett\", men ikke skyve opp hodet. (nb)"}}],"validation":null,"defaultValue":"at0016","listOpen":false,"threeState":null,"presentation":null,"hideTime":false,"columns":null,"lines":null}],"formId":"form_demonstrasjon/soap/o/vital_signs/høyde_lengde/uspesifisert_hendelse/kroppsstilling","cardinality":null,"viewConfig":{"multiplicity":null,"advanced":{"hidden":true,"readonly":false,"tags":null},"label":{"custom":false,"value":null,"useLocalizations":false,"localizationsList":null},"expanded":null,"layout":{"label":{"valign":"inherit","align":"inherit"},"field":{"valign":"inherit","align":"inherit"}},"size":{"field":"inherit","label":"inherit"},"datasource":null,"extras":null,"annotations":{},"field":[{"input":null,"code":{"presentation":"combobox","columns":"1"},"hidden":null,"name":null,"formId":null,"type":null}],"tags":null},"dependsOn":null,"children":[],"inContext":null},{"parent":null,"id":null,"name":"Kommentar","localizedName":"Kommentar","localizedNames":{"en":"*Kommentar (nb)","nb":"Kommentar"},"localizedDescriptions":{"nb":"Ytterligere beskrivelse av målingen av høyde/lengde som ikke dekkes i andre felt.","en":"*Ytterligere beskrivelse av målingen av høyde/lengde som ikke dekkes i andre felt. (nb)"},"rmType":"DV_TEXT","nodeId":"at0018","min":0,"max":1,"aqlPath":"/content[openEHR-EHR-SECTION.soap.v0]/items[at0002]/items[openEHR-EHR-SECTION.vital_signs.v0]/items[openEHR-EHR-OBSERVATION.height.v1]/data[at0001]/events[at0002]/data[at0003]/items[at0018]/value","inputs":[{"suffix":null,"type":"TEXT","terminology":null,"list":[],"validation":null,"defaultValue":null,"listOpen":false,"threeState":null,"presentation":null,"hideTime":false,"columns":null,"lines":null}],"formId":"form_demonstrasjon/soap/o/vital_signs/høyde_lengde/uspesifisert_hendelse/kommentar","cardinality":null,"viewConfig":{"multiplicity":null,"advanced":{"hidden":false,"readonly":false,"tags":null},"label":{"custom":false,"value":null,"useLocalizations":false,"localizationsList":null},"expanded":null,"layout":{"label":{"valign":"inherit","align":"inherit"},"field":{"valign":"inherit","align":"inherit"}},"size":{"field":"large","label":"inherit"},"datasource":null,"extras":null,"annotations":{},"field":[{"input":{"suffix":null,"type":"DV_TEXT","terminology":null,"list":null,"validation":null,"defaultValue":null,"listOpen":false,"threeState":null,"presentation":null,"hideTime":false,"columns":null,"lines":2},"code":null,"hidden":null,"name":null,"formId":null,"type":null}],"tags":[]},"dependsOn":null,"children":[],"inContext":null}],"inContext":null},{"parent":null,"id":null,"name":"Kroppsvekt","localizedName":"Kroppsvekt","localizedNames":{"en":"*Kroppsvekt (nb)","nb":"Kroppsvekt"},"localizedDescriptions":{"nb":"Individets kroppsvekt.","en":"*Individets kroppsvekt. (nb)"},"rmType":"OBSERVATION","nodeId":"openEHR-EHR-OBSERVATION.body_weight.v1","min":0,"max":1,"aqlPath":"/content[openEHR-EHR-SECTION.soap.v0]/items[at0002]/items[openEHR-EHR-SECTION.vital_signs.v0]/items[openEHR-EHR-OBSERVATION.body_weight.v1]","inputs":[],"formId":"form_demonstrasjon/soap/o/vital_signs/kroppsvekt","cardinality":null,"viewConfig":{"multiplicity":null,"advanced":{"hidden":false,"readonly":false,"tags":null},"label":{"custom":false,"value":null,"useLocalizations":false,"localizationsList":null},"expanded":null,"layout":{"label":{"valign":"inherit","align":"top"},"field":{"valign":"inherit","align":"inherit"}},"size":{"field":"large","label":"inherit"},"datasource":null,"extras":null,"annotations":{},"field":[],"tags":null},"dependsOn":null,"children":[{"parent":null,"id":null,"name":"Kroppsvekt","localizedName":"Kroppsvekt","localizedNames":{"en":"*Kroppsvekt (nb)","nb":"Kroppsvekt"},"localizedDescriptions":{"nb":"Et individs totale kroppsmasse.","en":"*Et individs totale kroppsmasse. (nb)"},"rmType":"DV_QUANTITY","nodeId":"at0004","min":0,"max":1,"aqlPath":"/content[openEHR-EHR-SECTION.soap.v0]/items[at0002]/items[openEHR-EHR-SECTION.vital_signs.v0]/items[openEHR-EHR-OBSERVATION.body_weight.v1]/data[at0002]/events[at0003]/data[at0001]/items[at0004]/value","inputs":[{"suffix":"magnitude","type":"DECIMAL","terminology":null,"list":null,"validation":null,"defaultValue":"","listOpen":false,"threeState":null,"presentation":null,"hideTime":false,"columns":null,"lines":null},{"suffix":"unit","type":"CODED_TEXT","terminology":null,"list":[{"value":"kg","label":"kg","currentStates":null,"validation":{"range":{"minOp":">=","min":0.0,"maxOp":"<","max":1000.0},"precision":null},"ordinal":0,"localizedLabels":{},"localizedDescriptions":{}}],"validation":null,"defaultValue":null,"listOpen":false,"threeState":null,"presentation":null,"hideTime":false,"columns":null,"lines":null}],"formId":"form_demonstrasjon/soap/o/vital_signs/kroppsvekt/uspesifisert_hendelse/kroppsvekt","cardinality":null,"viewConfig":{"multiplicity":null,"advanced":{"hidden":false,"readonly":false,"tags":null},"label":{"custom":false,"value":null,"useLocalizations":false,"localizationsList":null},"expanded":null,"layout":{"label":{"valign":"inherit","align":"inherit"},"field":{"valign":"inherit","align":"inherit"}},"size":{"field":"inherit","label":"inherit"},"datasource":null,"extras":null,"annotations":{"calcId":"weight"},"field":[],"tags":null},"dependsOn":null,"children":[],"inContext":null},{"parent":null,"id":null,"name":"Når","localizedName":"Når","localizedNames":{"en":"When","nb":"Når"},"localizedDescriptions":{},"rmType":"DV_DATE_TIME","nodeId":null,"min":0,"max":1,"aqlPath":"/content[openEHR-EHR-SECTION.soap.v0]/items[at0002]/items[openEHR-EHR-SECTION.vital_signs.v0]/items[openEHR-EHR-OBSERVATION.body_weight.v1]/data[at0002]/events[at0003]/time","inputs":[{"suffix":null,"type":"DATETIME","terminology":null,"list":null,"validation":null,"defaultValue":null,"listOpen":false,"threeState":null,"presentation":null,"hideTime":false,"columns":null,"lines":null}],"formId":"form_demonstrasjon/soap/o/vital_signs/kroppsvekt/uspesifisert_hendelse/time","cardinality":null,"viewConfig":{"multiplicity":null,"advanced":{"hidden":false,"readonly":false,"tags":null},"label":{"custom":false,"value":null,"useLocalizations":false,"localizationsList":null},"expanded":null,"layout":{"label":{"valign":"inherit","align":"inherit"},"field":{"valign":"inherit","align":"inherit"}},"size":{"field":"inherit","label":"inherit"},"datasource":null,"extras":null,"annotations":{"defaultValue":"DURATION_SUBTRACT(Iso8601DateTime(NowTicks()), \"PT3M\")"},"field":[],"tags":null},"dependsOn":null,"children":[],"inContext":null},{"parent":null,"id":null,"name":"Påkledning","localizedName":"Påkledning","localizedNames":{"en":"*Påkledning (nb)","nb":"Påkledning"},"localizedDescriptions":{"nb":"Beskrivelse av personens påkledning på måletidspunktet.","en":"*Beskrivelse av personens påkledning på måletidspunktet. (nb)"},"rmType":"DV_CODED_TEXT","nodeId":"at0009","min":0,"max":1,"aqlPath":"/content[openEHR-EHR-SECTION.soap.v0]/items[at0002]/items[openEHR-EHR-SECTION.vital_signs.v0]/items[openEHR-EHR-OBSERVATION.body_weight.v1]/data[at0002]/events[at0003]/state[at0008]/items[at0009]/value","inputs":[{"suffix":"code","type":"CODED_TEXT","terminology":null,"list":[{"value":"at0011","label":"Lette klær / undertøy","currentStates":null,"validation":null,"ordinal":0,"localizedLabels":{"nb":"Lette klær / undertøy","en":"*Lette klær / undertøy (nb)"},"localizedDescriptions":{"nb":"Påkledning som ikke endrer vekten signifikant.","en":"*Påkledning som ikke endrer vekten signifikant. (nb)"}},{"value":"at0042","label":"Fullt påkledt uten sko","currentStates":null,"validation":null,"ordinal":0,"localizedLabels":{"nb":"Fullt påkledt uten sko","en":"*Fullt påkledt uten sko (nb)"},"localizedDescriptions":{"nb":"Påkledning som kan øke vekten signifikant, uten sko.","en":"*Påkledning som kan øke vekten signifikant, uten sko. (nb)"}},{"value":"at0010","label":"Fullt påkledt inklusive sko","currentStates":null,"validation":null,"ordinal":0,"localizedLabels":{"nb":"Fullt påkledt inklusive sko","en":"*Fullt påkledt inklusive sko (nb)"},"localizedDescriptions":{"nb":"Påkledning som kan øke vekten signifikant, inklusive sko.","en":"*Påkledning som kan øke vekten signifikant, inklusive sko. (nb)"}}],"validation":null,"defaultValue":"at0011","listOpen":false,"threeState":null,"presentation":null,"hideTime":false,"columns":null,"lines":null}],"formId":"form_demonstrasjon/soap/o/vital_signs/kroppsvekt/uspesifisert_hendelse/påkledning","cardinality":null,"viewConfig":{"multiplicity":null,"advanced":{"hidden":false,"readonly":false,"tags":null},"label":{"custom":false,"value":null,"useLocalizations":false,"localizationsList":null},"expanded":null,"layout":{"label":{"valign":"inherit","align":"inherit"},"field":{"valign":"inherit","align":"inherit"}},"size":{"field":"inherit","label":"inherit"},"datasource":null,"extras":null,"annotations":{},"field":[{"input":null,"code":{"presentation":"combobox","columns":"3"},"hidden":null,"name":null,"formId":null,"type":null}],"tags":null},"dependsOn":null,"children":[],"inContext":null},{"parent":null,"id":null,"name":"Kommentar","localizedName":"Kommentar","localizedNames":{"en":"*Kommentar (nb)","nb":"Kommentar"},"localizedDescriptions":{"nb":"Ytterligere beskrivelse av målingen av kroppsvekt som ikke dekkes i andre felt.","en":"*Ytterligere beskrivelse av målingen av kroppsvekt som ikke dekkes i andre felt. (nb)"},"rmType":"DV_TEXT","nodeId":"at0024","min":0,"max":1,"aqlPath":"/content[openEHR-EHR-SECTION.soap.v0]/items[at0002]/items[openEHR-EHR-SECTION.vital_signs.v0]/items[openEHR-EHR-OBSERVATION.body_weight.v1]/data[at0002]/events[at0003]/data[at0001]/items[at0024]/value","inputs":[{"suffix":null,"type":"TEXT","terminology":null,"list":[],"validation":null,"defaultValue":null,"listOpen":false,"threeState":null,"presentation":null,"hideTime":false,"columns":null,"lines":null}],"formId":"form_demonstrasjon/soap/o/vital_signs/kroppsvekt/uspesifisert_hendelse/kommentar","cardinality":null,"viewConfig":{"multiplicity":null,"advanced":{"hidden":false,"readonly":false,"tags":null},"label":{"custom":false,"value":null,"useLocalizations":false,"localizationsList":null},"expanded":null,"layout":{"label":{"valign":"inherit","align":"inherit"},"field":{"valign":"inherit","align":"inherit"}},"size":{"field":"inherit","label":"inherit"},"datasource":null,"extras":null,"annotations":{},"field":[{"input":{"suffix":null,"type":"DV_TEXT","terminology":null,"list":null,"validation":null,"defaultValue":null,"listOpen":false,"threeState":null,"presentation":null,"hideTime":false,"columns":null,"lines":2},"code":null,"hidden":null,"name":null,"formId":null,"type":null}],"tags":null},"dependsOn":null,"children":[],"inContext":null}],"inContext":null},{"parent":null,"id":null,"name":"Kroppsmasseindeks","localizedName":"Kroppsmasseindeks","localizedNames":{"en":"Body mass index","nb":"Kroppsmasseindeks"},"localizedDescriptions":{"nb":"Beregnet verdi som gjenspeiler individets kroppsmasse på grunnlag av dens høyde og vekt.","en":"Calculated measurement which compares a person's weight and height."},"rmType":"OBSERVATION","nodeId":"openEHR-EHR-OBSERVATION.body_mass_index.v1","min":0,"max":1,"aqlPath":"/content[openEHR-EHR-SECTION.soap.v0]/items[at0002]/items[openEHR-EHR-SECTION.vital_signs.v0]/items[openEHR-EHR-OBSERVATION.body_mass_index.v1]","inputs":[],"formId":"form_demonstrasjon/soap/o/vital_signs/kroppsmasseindeks","cardinality":null,"viewConfig":{"multiplicity":null,"advanced":{"hidden":false,"readonly":false,"tags":null},"label":{"custom":false,"value":null,"useLocalizations":false,"localizationsList":null},"expanded":null,"layout":{"label":{"valign":"inherit","align":"top"},"field":{"valign":"inherit","align":"inherit"}},"size":{"field":"inherit","label":"inherit"},"datasource":null,"extras":null,"annotations":{},"field":[],"tags":null},"dependsOn":null,"children":[{"parent":null,"id":null,"name":"Kroppsmasseindeks","localizedName":"Kroppsmasseindeks","localizedNames":{"en":"Body Mass Index","nb":"Kroppsmasseindeks"},"localizedDescriptions":{"nb":"Indeks som beskriver forholdet mellom vekt og høyde.","en":"Index describing ratio of weight to height."},"rmType":"DV_QUANTITY","nodeId":"at0004","min":1,"max":1,"aqlPath":"/content[openEHR-EHR-SECTION.soap.v0]/items[at0002]/items[openEHR-EHR-SECTION.vital_signs.v0]/items[openEHR-EHR-OBSERVATION.body_mass_index.v1]/data[at0001]/events[at0002]/data[at0003]/items[at0004]/value","inputs":[{"suffix":"magnitude","type":"DECIMAL","terminology":null,"list":null,"validation":null,"defaultValue":"","listOpen":false,"threeState":null,"presentation":null,"hideTime":false,"columns":null,"lines":null},{"suffix":"unit","type":"CODED_TEXT","terminology":null,"list":[{"value":"kg/m2","label":"kg/m2","currentStates":null,"validation":{"range":{"minOp":">=","min":0.0,"maxOp":"<","max":500.0},"precision":null},"ordinal":0,"localizedLabels":{},"localizedDescriptions":{}}],"validation":null,"defaultValue":null,"listOpen":false,"threeState":null,"presentation":null,"hideTime":false,"columns":null,"lines":null}],"formId":"form_demonstrasjon/soap/o/vital_signs/kroppsmasseindeks/uspesifisert_hendelse/kroppsmasseindeks","cardinality":null,"viewConfig":{"multiplicity":null,"advanced":{"hidden":false,"readonly":false,"tags":null},"label":{"custom":false,"value":null,"useLocalizations":false,"localizationsList":null},"expanded":null,"layout":{"label":{"valign":"inherit","align":"inherit"},"field":{"valign":"inherit","align":"inherit"}},"size":{"field":"inherit","label":"inherit"},"datasource":null,"extras":null,"annotations":{"calc":"ROUND(($weight/magnitude)/POWER( ($height/magnitude / 100),2),2)"},"field":[],"tags":null},"dependsOn":null,"children":[],"inContext":null},{"parent":null,"id":null,"name":"Time","localizedName":"Time","localizedNames":{"en":"*Time (en)","nb":"Time"},"localizedDescriptions":{},"rmType":"DV_DATE_TIME","nodeId":null,"min":0,"max":1,"aqlPath":"/content[openEHR-EHR-SECTION.soap.v0]/items[at0002]/items[openEHR-EHR-SECTION.vital_signs.v0]/items[openEHR-EHR-OBSERVATION.body_mass_index.v1]/data[at0001]/events[at0002]/time","inputs":[{"suffix":null,"type":"DATETIME","terminology":null,"list":null,"validation":null,"defaultValue":null,"listOpen":false,"threeState":null,"presentation":null,"hideTime":false,"columns":null,"lines":null}],"formId":"form_demonstrasjon/soap/o/vital_signs/kroppsmasseindeks/uspesifisert_hendelse/time","cardinality":null,"viewConfig":{"multiplicity":null,"advanced":{"hidden":false,"readonly":false,"tags":null},"label":{"custom":false,"value":null,"useLocalizations":false,"localizationsList":null},"expanded":null,"layout":{"label":{"valign":"inherit","align":"inherit"},"field":{"valign":"inherit","align":"inherit"}},"size":{"field":"inherit","label":"inherit"},"datasource":null,"extras":null,"annotations":{"defaultValue":"DURATION_SUBTRACT(Iso8601DateTime(NowTicks()), \"PT1M\")"},"field":[],"tags":null},"dependsOn":null,"children":[],"inContext":null},{"parent":null,"id":null,"name":"Metode","localizedName":"Metode","localizedNames":{"en":"Method","nb":"Metode"},"localizedDescriptions":{"nb":"Metode for registrering av kroppsmasseindeks.","en":"The method of entering the Body Mass Index."},"rmType":"DV_CODED_TEXT","nodeId":"at0006","min":0,"max":1,"aqlPath":"/content[openEHR-EHR-SECTION.soap.v0]/items[at0002]/items[openEHR-EHR-SECTION.vital_signs.v0]/items[openEHR-EHR-OBSERVATION.body_mass_index.v1]/protocol[at0005]/items[at0006]/value","inputs":[{"suffix":"code","type":"CODED_TEXT","terminology":null,"list":[{"value":"at0007","label":"Automatisk registrering","currentStates":null,"validation":null,"ordinal":0,"localizedLabels":{"nb":"Automatisk registrering","en":"Automatic entry"},"localizedDescriptions":{"nb":"Kroppsmasseindeks beregnes og legges inn automatisk, uten brukermedvirkning.","en":"Body Mass Index calculated and entered automatically without user intervention."}},{"value":"at0008","label":"Manuell registrering","currentStates":null,"validation":null,"ordinal":0,"localizedLabels":{"nb":"Manuell registrering","en":"Direct entry"},"localizedDescriptions":{"nb":"Kroppsmasseindeks beregnes og registreres manuelt av brukeren.","en":"Body Mass Index calculated and entered directly by user."}}],"validation":null,"defaultValue":"at0007","listOpen":false,"threeState":null,"presentation":null,"hideTime":false,"columns":null,"lines":null}],"formId":"form_demonstrasjon/soap/o/vital_signs/kroppsmasseindeks/metode","cardinality":null,"viewConfig":{"multiplicity":null,"advanced":{"hidden":false,"readonly":true,"tags":null},"label":{"custom":false,"value":null,"useLocalizations":false,"localizationsList":null},"expanded":null,"layout":{"label":{"valign":"inherit","align":"inherit"},"field":{"valign":"inherit","align":"inherit"}},"size":{"field":"inherit","label":"inherit"},"datasource":null,"extras":null,"annotations":{},"field":[{"input":null,"code":{"presentation":"combobox","columns":"2"},"hidden":null,"name":null,"formId":null,"type":null}],"tags":null},"dependsOn":null,"children":[],"inContext":null}],"inContext":null},{"parent":null,"id":null,"name":"Klinisk sammendrag","localizedName":"Klinisk sammendrag","localizedNames":{"nb":"Klinisk sammendrag","en":"Clinical Synopsis"},"localizedDescriptions":{"nb":"Fritekstsammendrag eller oversikt om en pasient fra helsepersonellets perspektiv, med eller uten tilhørende fortolkninger.\n","en":"Narrative summary or overview about a patient, specifically from the perspective of a healthcare provider, and with or without associated interpretations."},"rmType":"EVALUATION","nodeId":"openEHR-EHR-EVALUATION.clinical_synopsis.v1","min":0,"max":1,"aqlPath":"/content[openEHR-EHR-SECTION.soap.v0]/items[at0003]/items[openEHR-EHR-EVALUATION.clinical_synopsis.v1]","inputs":[],"formId":"form_demonstrasjon/soap/a/klinisk_sammendrag","cardinality":null,"viewConfig":{"multiplicity":null,"advanced":null,"label":null,"expanded":null,"layout":null,"size":null,"datasource":null,"extras":null,"annotations":{},"field":[],"tags":[]},"dependsOn":null,"children":[{"parent":null,"id":null,"name":"Sammendrag","localizedName":"Sammendrag","localizedNames":{"en":"Synopsis","nb":"Sammendrag"},"localizedDescriptions":{"nb":"Oppsummering, vurdering, konklusjoner eller evaluering av de kliniske funnene.","en":"The summary, assessment, conclusions or evaluation of the clinical findings."},"rmType":"DV_TEXT","nodeId":"at0002","min":1,"max":1,"aqlPath":"/content[openEHR-EHR-SECTION.soap.v0]/items[at0003]/items[openEHR-EHR-EVALUATION.clinical_synopsis.v1]/data[at0001]/items[at0002]/value","inputs":[{"suffix":null,"type":"TEXT","terminology":null,"list":[],"validation":null,"defaultValue":null,"listOpen":false,"threeState":null,"presentation":null,"hideTime":false,"columns":null,"lines":null}],"formId":"form_demonstrasjon/soap/a/klinisk_sammendrag/sammendrag","cardinality":null,"viewConfig":{"multiplicity":null,"advanced":{"hidden":false,"readonly":false,"tags":null},"label":{"custom":false,"value":null,"useLocalizations":false,"localizationsList":null},"expanded":null,"layout":{"label":{"valign":"inherit","align":"top"},"field":{"valign":"inherit","align":"inherit"}},"size":{"field":"large","label":"inherit"},"datasource":null,"extras":null,"annotations":{},"field":[{"input":{"suffix":null,"type":"DV_TEXT","terminology":null,"list":null,"validation":null,"defaultValue":null,"listOpen":false,"threeState":null,"presentation":null,"hideTime":false,"columns":null,"lines":10},"code":null,"hidden":null,"name":null,"formId":null,"type":null}],"tags":null},"dependsOn":null,"children":[],"inContext":null}],"inContext":null}],"inContext":null}