{"parent":null,"id":null,"name":"Form root","localizedName":null,"localizedNames":{},"localizedDescriptions":{},"rmType":"FORM_DEFINITION","nodeId":null,"min":0,"max":0,"aqlPath":null,"inputs":[],"formId":"form_root","cardinality":null,"viewConfig":{"multiplicity":null,"advanced":null,"label":{"custom":false,"value":null,"useLocalizations":false,"localizationsList":null},"expanded":null,"layout":{"label":{"valign":"inherit","align":"top"},"field":{"valign":"inherit","align":"inherit"}},"size":{"field":"large","label":"inherit"},"datasource":null,"extras":null,"annotations":{},"field":[],"tags":null},"dependsOn":null,"children":[{"parent":null,"id":null,"name":"Anamnese","localizedName":"Anamnese","localizedNames":{"en":"Story","nb":"Anamnese"},"localizedDescriptions":{"nb":"Narrativ beskrivelse av sykehistorie/anamnese.","en":"Narrative description of the clinical history or story."},"rmType":"DV_TEXT","nodeId":"at0004","min":1,"max":1,"aqlPath":"/content[openEHR-EHR-SECTION.soap.v0]/items[at0001]/items[openEHR-EHR-OBSERVATION.story.v1]/data[at0001]/events[at0002]/data[at0003]/items[at0004]/value","inputs":[{"suffix":null,"type":"TEXT","terminology":null,"list":[],"validation":null,"defaultValue":null,"listOpen":false,"threeState":null,"presentation":null,"hideTime":false,"columns":null,"lines":null}],"formId":"form_demonstrasjon/soap/s/anamnese/uspesifisert_hendelse/anamnese","cardinality":null,"viewConfig":{"multiplicity":null,"advanced":{"hidden":false,"readonly":false,"tags":null},"label":{"custom":false,"value":null,"useLocalizations":false,"localizationsList":null},"expanded":null,"layout":{"label":{"valign":"inherit","align":"inherit"},"field":{"valign":"inherit","align":"inherit"}},"size":{"field":"inherit","label":"inherit"},"datasource":null,"extras":null,"annotations":{},"field":[{"input":{"suffix":null,"type":"DV_TEXT","terminology":null,"list":null,"validation":null,"defaultValue":null,"listOpen":false,"threeState":null,"presentation":null,"hideTime":false,"columns":null,"lines":4},"code":null,"hidden":null,"name":null,"formId":null,"type":null}],"tags":null},"dependsOn":null,"children":[],"inContext":null},{"parent":null,"id":null,"name":"Blodtrykk","localizedName":"Blodtrykk","localizedNames":{"en":"Blood pressure","nb":"Blodtrykk"},"localizedDescriptions":{"nb":"Standard, uspesifisert tidspunkt eller tidsintervall som kan defineres mer eksplisitt i en template eller i en applikasjon.","en":"*Standard, uspesifisert tidspunkt eller tidsintervall som kan defineres mer eksplisitt i en template eller i en applikasjon. (nb)"},"rmType":"EVENT","nodeId":"at0006","min":1,"max":1,"aqlPath":"/content[openEHR-EHR-SECTION.soap.v0]/items[at0002]/items[openEHR-EHR-SECTION.vital_signs.v0]/items[openEHR-EHR-OBSERVATION.blood_pressure.v1]/data[at0001]/events[at0006]","inputs":[],"formId":"form_demonstrasjon/soap/o/vital_signs/blodtrykk/uspesifisert_hendelse","cardinality":null,"viewConfig":{"multiplicity":null,"advanced":{"hidden":false,"readonly":false,"tags":null},"label":{"custom":false,"value":null,"useLocalizations":false,"localizationsList":null},"expanded":null,"layout":{"label":{"valign":"inherit","align":"inherit"},"field":{"valign":"inherit","align":"inherit"}},"size":{"field":"inherit","label":"inherit"},"datasource":null,"extras":null,"annotations":{},"field":[],"tags":["HideLabel"]},"dependsOn":null,"children":[{"parent":null,"id":null,"name":"Systolisk","localizedName":"Systolisk","localizedNames":{"en":"*Systolisk (nb)","nb":"Systolisk"},"localizedDescriptions":{"nb":"Maksimalt systemisk arterielt blodtrykk - målt i systolen, det vil si i hjertets kontraksjonsfase.","en":"*Maksimalt systemisk arterielt blodtrykk - målt i systolen, det vil si i hjertets kontraksjonsfase. (nb)"},"rmType":"DV_QUANTITY","nodeId":"at0004","min":1,"max":1,"aqlPath":"/content[openEHR-EHR-SECTION.soap.v0]/items[at0002]/items[openEHR-EHR-SECTION.vital_signs.v0]/items[openEHR-EHR-OBSERVATION.blood_pressure.v1]/data[at0001]/events[at0006]/data[at0003]/items[at0004]/value","inputs":[{"suffix":"magnitude","type":"DECIMAL","terminology":null,"list":null,"validation":null,"defaultValue":"","listOpen":false,"threeState":null,"presentation":null,"hideTime":false,"columns":null,"lines":null},{"suffix":"unit","type":"CODED_TEXT","terminology":null,"list":[{"value":"mm[Hg]","label":"mm[Hg]","currentStates":null,"validation":{"range":{"minOp":">=","min":0.0,"maxOp":"<","max":1000.0},"precision":null},"ordinal":0,"localizedLabels":{},"localizedDescriptions":{}}],"validation":null,"defaultValue":null,"listOpen":false,"threeState":null,"presentation":null,"hideTime":false,"columns":null,"lines":null}],"formId":"form_demonstrasjon/soap/o/vital_signs/blodtrykk/uspesifisert_hendelse/systolisk","cardinality":null,"viewConfig":{"multiplicity":null,"advanced":{"hidden":false,"readonly":false,"tags":null},"label":{"custom":false,"value":null,"useLocalizations":false,"localizationsList":null},"expanded":null,"layout":{"label":{"valign":"inherit","align":"inherit"},"field":{"valign":"inherit","align":"inherit"}},"size":{"field":"inherit","label":"inherit"},"datasource":null,"extras":null,"annotations":{},"field":[],"tags":null},"dependsOn":null,"children":[],"inContext":null},{"parent":null,"id":null,"name":"Diastolisk","localizedName":"Diastolisk","localizedNames":{"en":"*Diastolisk (nb)","nb":"Diastolisk"},"localizedDescriptions":{"nb":"Laveste systemiske arterielle blodtrykk - målt i diastolen, det vil si under hjertets relaksasjonsfase.","en":"*Laveste systemiske arterielle blodtrykk - målt i diastolen, det vil si under hjertets relaksasjonsfase. (nb)"},"rmType":"DV_QUANTITY","nodeId":"at0005","min":1,"max":1,"aqlPath":"/content[openEHR-EHR-SECTION.soap.v0]/items[at0002]/items[openEHR-EHR-SECTION.vital_signs.v0]/items[openEHR-EHR-OBSERVATION.blood_pressure.v1]/data[at0001]/events[at0006]/data[at0003]/items[at0005]/value","inputs":[{"suffix":"magnitude","type":"DECIMAL","terminology":null,"list":null,"validation":null,"defaultValue":"","listOpen":false,"threeState":null,"presentation":null,"hideTime":false,"columns":null,"lines":null},{"suffix":"unit","type":"CODED_TEXT","terminology":null,"list":[{"value":"mm[Hg]","label":"mm[Hg]","currentStates":null,"validation":{"range":{"minOp":">=","min":0.0,"maxOp":"<","max":1000.0},"precision":null},"ordinal":0,"localizedLabels":{},"localizedDescriptions":{}}],"validation":null,"defaultValue":null,"listOpen":false,"threeState":null,"presentation":null,"hideTime":false,"columns":null,"lines":null}],"formId":"form_demonstrasjon/soap/o/vital_signs/blodtrykk/uspesifisert_hendelse/diastolisk","cardinality":null,"viewConfig":{"multiplicity":null,"advanced":{"hidden":false,"readonly":false,"tags":null},"label":{"custom":false,"value":null,"useLocalizations":false,"localizationsList":null},"expanded":null,"layout":{"label":{"valign":"inherit","align":"inherit"},"field":{"valign":"inherit","align":"inherit"}},"size":{"field":"inherit","label":"inherit"},"datasource":null,"extras":null,"annotations":{},"field":[],"tags":null},"dependsOn":null,"children":[],"inContext":null}],"inContext":null},{"parent":null,"id":null,"name":"Temperatur","localizedName":"Temperatur","localizedNames":{"en":"*Temperatur (nb)","nb":"Temperatur"},"localizedDescriptions":{"nb":"Målt kroppstemperatur som uttrykk for kjernetemperatur.","en":"*Målt kroppstemperatur som uttrykk for kjernetemperatur. (nb)"},"rmType":"DV_QUANTITY","nodeId":"at0004","min":1,"max":1,"aqlPath":"/content[openEHR-EHR-SECTION.soap.v0]/items[at0002]/items[openEHR-EHR-SECTION.vital_signs.v0]/items[openEHR-EHR-OBSERVATION.body_temperature.v1]/data[at0002]/events[at0003]/data[at0001]/items[at0004]/value","inputs":[{"suffix":"magnitude","type":"DECIMAL","terminology":null,"list":null,"validation":null,"defaultValue":"","listOpen":false,"threeState":null,"presentation":null,"hideTime":false,"columns":null,"lines":null},{"suffix":"unit","type":"CODED_TEXT","terminology":null,"list":[{"value":"Cel","label":"Cel","currentStates":null,"validation":{"range":{"minOp":">=","min":0.0,"maxOp":"<","max":100.0},"precision":null},"ordinal":0,"localizedLabels":{},"localizedDescriptions":{}}],"validation":null,"defaultValue":null,"listOpen":false,"threeState":null,"presentation":null,"hideTime":false,"columns":null,"lines":null}],"formId":"form_demonstrasjon/soap/o/vital_signs/kroppstemperatur/uspesifisert_hendelse/temperatur","cardinality":null,"viewConfig":{"multiplicity":null,"advanced":{"hidden":false,"readonly":false,"tags":null},"label":{"custom":false,"value":null,"useLocalizations":false,"localizationsList":null},"expanded":null,"layout":{"label":{"valign":"inherit","align":"inherit"},"field":{"valign":"inherit","align":"inherit"}},"size":{"field":"inherit","label":"inherit"},"datasource":null,"extras":null,"annotations":{},"field":[],"tags":null},"dependsOn":null,"children":[],"inContext":null},{"parent":null,"id":null,"name":"Kroppsvekt","localizedName":"Kroppsvekt","localizedNames":{"en":"*Kroppsvekt (nb)","nb":"Kroppsvekt"},"localizedDescriptions":{"nb":"Et individs totale kroppsmasse.","en":"*Et individs totale kroppsmasse. (nb)"},"rmType":"DV_QUANTITY","nodeId":"at0004","min":1,"max":1,"aqlPath":"/content[openEHR-EHR-SECTION.soap.v0]/items[at0002]/items[openEHR-EHR-SECTION.vital_signs.v0]/items[openEHR-EHR-OBSERVATION.body_weight.v1]/data[at0002]/events[at0003]/data[at0001]/items[at0004]/value","inputs":[{"suffix":"magnitude","type":"DECIMAL","terminology":null,"list":null,"validation":null,"defaultValue":"","listOpen":false,"threeState":null,"presentation":null,"hideTime":false,"columns":null,"lines":null},{"suffix":"unit","type":"CODED_TEXT","terminology":null,"list":[{"value":"kg","label":"kg","currentStates":null,"validation":{"range":{"minOp":">=","min":0.0,"maxOp":"<","max":1000.0},"precision":null},"ordinal":0,"localizedLabels":{},"localizedDescriptions":{}}],"validation":null,"defaultValue":null,"listOpen":false,"threeState":null,"presentation":null,"hideTime":false,"columns":null,"lines":null}],"formId":"form_demonstrasjon/soap/o/vital_signs/kroppsvekt/uspesifisert_hendelse/kroppsvekt","cardinality":null,"viewConfig":{"multiplicity":null,"advanced":{"hidden":false,"readonly":false,"tags":null},"label":{"custom":false,"value":null,"useLocalizations":false,"localizationsList":null},"expanded":null,"layout":{"label":{"valign":"inherit","align":"inherit"},"field":{"valign":"inherit","align":"inherit"}},"size":{"field":"inherit","label":"inherit"},"datasource":null,"extras":null,"annotations":{"calcId":"weight"},"field":[],"tags":null},"dependsOn":null,"children":[],"inContext":null},{"parent":null,"id":null,"name":"Høyde/lengde","localizedName":"Høyde/lengde","localizedNames":{"en":"*Høyde/lengde (nb)","nb":"Høyde/lengde"},"localizedDescriptions":{"nb":"Høyde/lengde fra isse til fotsåle.","en":"*Høyde/lengde fra isse til fotsåle. (nb)"},"rmType":"DV_QUANTITY","nodeId":"at0004","min":1,"max":1,"aqlPath":"/content[openEHR-EHR-SECTION.soap.v0]/items[at0002]/items[openEHR-EHR-SECTION.vital_signs.v0]/items[openEHR-EHR-OBSERVATION.height.v1]/data[at0001]/events[at0002]/data[at0003]/items[at0004]/value","inputs":[{"suffix":"magnitude","type":"DECIMAL","terminology":null,"list":null,"validation":null,"defaultValue":"","listOpen":false,"threeState":null,"presentation":null,"hideTime":false,"columns":null,"lines":null},{"suffix":"unit","type":"CODED_TEXT","terminology":null,"list":[{"value":"cm","label":"cm","currentStates":null,"validation":{"range":{"minOp":">=","min":0.0,"maxOp":"<=","max":500.0},"precision":null},"ordinal":0,"localizedLabels":{},"localizedDescriptions":{}}],"validation":null,"defaultValue":null,"listOpen":false,"threeState":null,"presentation":null,"hideTime":false,"columns":null,"lines":null}],"formId":"form_demonstrasjon/soap/o/vital_signs/høyde_lengde/uspesifisert_hendelse/høyde_lengde","cardinality":null,"viewConfig":{"multiplicity":null,"advanced":{"hidden":false,"readonly":false,"tags":null},"label":{"custom":false,"value":null,"useLocalizations":false,"localizationsList":null},"expanded":null,"layout":{"label":{"valign":"inherit","align":"inherit"},"field":{"valign":"inherit","align":"inherit"}},"size":{"field":"inherit","label":"inherit"},"datasource":null,"extras":null,"annotations":{"calcId":"height"},"field":[],"tags":null},"dependsOn":null,"children":[],"inContext":null},{"parent":null,"id":null,"name":"Kroppsmasseindeks","localizedName":"Kroppsmasseindeks","localizedNames":{"en":"Body Mass Index","nb":"Kroppsmasseindeks"},"localizedDescriptions":{"nb":"Indeks som beskriver forholdet mellom vekt og høyde.","en":"Index describing ratio of weight to height."},"rmType":"DV_QUANTITY","nodeId":"at0004","min":1,"max":1,"aqlPath":"/content[openEHR-EHR-SECTION.soap.v0]/items[at0002]/items[openEHR-EHR-SECTION.vital_signs.v0]/items[openEHR-EHR-OBSERVATION.body_mass_index.v1]/data[at0001]/events[at0002]/data[at0003]/items[at0004]/value","inputs":[{"suffix":"magnitude","type":"DECIMAL","terminology":null,"list":null,"validation":null,"defaultValue":"","listOpen":false,"threeState":null,"presentation":null,"hideTime":false,"columns":null,"lines":null},{"suffix":"unit","type":"CODED_TEXT","terminology":null,"list":[{"value":"kg/m2","label":"kg/m2","currentStates":null,"validation":{"range":{"minOp":">=","min":0.0,"maxOp":"<","max":500.0},"precision":null},"ordinal":0,"localizedLabels":{},"localizedDescriptions":{}}],"validation":null,"defaultValue":null,"listOpen":false,"threeState":null,"presentation":null,"hideTime":false,"columns":null,"lines":null}],"formId":"form_demonstrasjon/soap/o/vital_signs/kroppsmasseindeks/uspesifisert_hendelse/kroppsmasseindeks","cardinality":null,"viewConfig":{"multiplicity":null,"advanced":{"hidden":false,"readonly":false,"tags":null},"label":{"custom":false,"value":null,"useLocalizations":false,"localizationsList":null},"expanded":null,"layout":{"label":{"valign":"inherit","align":"inherit"},"field":{"valign":"inherit","align":"inherit"}},"size":{"field":"inherit","label":"inherit"},"datasource":null,"extras":null,"annotations":{"calc":"ROUND(($weight/magnitude)/POWER( ($height/magnitude / 100),2),2)"},"field":[],"tags":null},"dependsOn":null,"children":[],"inContext":null},{"parent":null,"id":null,"name":"Sammendrag","localizedName":"Sammendrag","localizedNames":{"en":"Synopsis","nb":"Sammendrag"},"localizedDescriptions":{"nb":"Oppsummering, vurdering, konklusjoner eller evaluering av de kliniske funnene.","en":"The summary, assessment, conclusions or evaluation of the clinical findings."},"rmType":"DV_TEXT","nodeId":"at0002","min":1,"max":1,"aqlPath":"/content[openEHR-EHR-SECTION.soap.v0]/items[at0003]/items[openEHR-EHR-EVALUATION.clinical_synopsis.v1]/data[at0001]/items[at0002]/value","inputs":[{"suffix":null,"type":"TEXT","terminology":null,"list":[],"validation":null,"defaultValue":null,"listOpen":false,"threeState":null,"presentation":null,"hideTime":false,"columns":null,"lines":null}],"formId":"form_demonstrasjon/soap/a/klinisk_sammendrag/sammendrag","cardinality":null,"viewConfig":{"multiplicity":null,"advanced":{"hidden":false,"readonly":false,"tags":null},"label":{"custom":false,"value":null,"useLocalizations":false,"localizationsList":null},"expanded":null,"layout":{"label":{"valign":"inherit","align":"inherit"},"field":{"valign":"inherit","align":"inherit"}},"size":{"field":"inherit","label":"inherit"},"datasource":null,"extras":null,"annotations":{},"field":[{"input":{"suffix":null,"type":"DV_TEXT","terminology":null,"list":null,"validation":null,"defaultValue":null,"listOpen":false,"threeState":null,"presentation":null,"hideTime":false,"columns":null,"lines":5},"code":null,"hidden":null,"name":null,"formId":null,"type":null}],"tags":null},"dependsOn":null,"children":[],"inContext":null}],"inContext":null}