[{"col":1,"row":1,"width":12,"height":21,"children":[{"id":"form_demonstrasjon/soap/s/anamnese/uspesifisert_hendelse/anamnese","rows":[]},{"id":"form_demonstrasjon/soap/o/vital_signs/blodtrykk/uspesifisert_hendelse","rows":[{"cols":[{"width":"50%","children":[{"id":"form_demonstrasjon/soap/o/vital_signs/blodtrykk/uspesifisert_hendelse/systolisk","rows":[]}]},{"width":"50%","children":[{"id":"form_demonstrasjon/soap/o/vital_signs/blodtrykk/uspesifisert_hendelse/diastolisk","rows":[]}]}]}]},{"id":"form_demonstrasjon/soap/o/vital_signs/kroppstemperatur/uspesifisert_hendelse/temperatur","rows":[]},{"id":"form_demonstrasjon/soap/o/vital_signs/kroppsvekt/uspesifisert_hendelse/kroppsvekt","rows":[]},{"id":"form_demonstrasjon/soap/o/vital_signs/høyde_lengde/uspesifisert_hendelse/høyde_lengde","rows":[]},{"id":"form_demonstrasjon/soap/o/vital_signs/kroppsmasseindeks/uspesifisert_hendelse/kroppsmasseindeks","rows":[]},{"id":"form_demonstrasjon/soap/a/klinisk_sammendrag/sammendrag","rows":[]}]}]