[{"field":"skåringer/skåringer/braden-skala/uspesifisert_hendelse/braden_totalskår","conditions":[{"operator":"ge","value":{"value":"19","code":null,"magnitude":null,"unit":null,"numerator":null,"denominator":null,"undefined":null,"id":null,"type":null,"issuer":null,"assigner":null,"year":null,"month":null,"week":null,"day":null,"hour":null,"minute":null,"second":null},"actions":[{"action":"set","target":"skåringer/skåringer/braden-skala/uspesifisert_hendelse/kommentar","value":{"value":"Ingen risiko","code":null,"magnitude":null,"unit":null,"numerator":null,"denominator":null,"undefined":null,"id":null,"type":null,"issuer":null,"assigner":null,"year":null,"month":null,"week":null,"day":null,"hour":null,"minute":null,"second":null}}]},{"operator":"le","value":{"value":"18","code":null,"magnitude":null,"unit":null,"numerator":null,"denominator":null,"undefined":null,"id":null,"type":null,"issuer":null,"assigner":null,"year":null,"month":null,"week":null,"day":null,"hour":null,"minute":null,"second":null},"actions":[{"action":"set","target":"skåringer/skåringer/braden-skala/uspesifisert_hendelse/kommentar","value":{"value":"Mild/lav risiko","code":null,"magnitude":null,"unit":null,"numerator":null,"denominator":null,"undefined":null,"id":null,"type":null,"issuer":null,"assigner":null,"year":null,"month":null,"week":null,"day":null,"hour":null,"minute":null,"second":null}}]},{"operator":"le","value":{"value":"14","code":null,"magnitude":null,"unit":null,"numerator":null,"denominator":null,"undefined":null,"id":null,"type":null,"issuer":null,"assigner":null,"year":null,"month":null,"week":null,"day":null,"hour":null,"minute":null,"second":null},"actions":[{"action":"set","target":"skåringer/skåringer/braden-skala/uspesifisert_hendelse/kommentar","value":{"value":"Moderat risiko","code":null,"magnitude":null,"unit":null,"numerator":null,"denominator":null,"undefined":null,"id":null,"type":null,"issuer":null,"assigner":null,"year":null,"month":null,"week":null,"day":null,"hour":null,"minute":null,"second":null}}]},{"operator":"le","value":{"value":"12","code":null,"magnitude":null,"unit":null,"numerator":null,"denominator":null,"undefined":null,"id":null,"type":null,"issuer":null,"assigner":null,"year":null,"month":null,"week":null,"day":null,"hour":null,"minute":null,"second":null},"actions":[{"action":"set","target":"skåringer/skåringer/braden-skala/uspesifisert_hendelse/kommentar","value":{"value":"Høy risiko","code":null,"magnitude":null,"unit":null,"numerator":null,"denominator":null,"undefined":null,"id":null,"type":null,"issuer":null,"assigner":null,"year":null,"month":null,"week":null,"day":null,"hour":null,"minute":null,"second":null}}]},{"operator":"le","value":{"value":"9","code":null,"magnitude":null,"unit":null,"numerator":null,"denominator":null,"undefined":null,"id":null,"type":null,"issuer":null,"assigner":null,"year":null,"month":null,"week":null,"day":null,"hour":null,"minute":null,"second":null},"actions":[{"action":"set","target":"skåringer/skåringer/braden-skala/uspesifisert_hendelse/kommentar","value":{"value":"Veldig høy risiko","code":null,"magnitude":null,"unit":null,"numerator":null,"denominator":null,"undefined":null,"id":null,"type":null,"issuer":null,"assigner":null,"year":null,"month":null,"week":null,"day":null,"hour":null,"minute":null,"second":null}}]},{"operator":"empty","value":null,"actions":[{"action":"clear","target":"skåringer/skåringer/braden-skala/uspesifisert_hendelse/kommentar","value":null}]}]}]