[{"col":1,"row":1,"width":12,"height":15,"children":[{"id":"form_demonstrasjon/start_time","rows":[]},{"id":"form_demonstrasjon/soap/s/anamnese","rows":[{"cols":[{"width":"100%","children":[{"id":"form_demonstrasjon/soap/s/anamnese/uspesifisert_hendelse/time","rows":[]},{"id":"form_demonstrasjon/soap/s/anamnese/uspesifisert_hendelse/anamnese","rows":[]}]}]}]}]},{"col":1,"row":16,"width":12,"height":16,"children":[{"id":"form_demonstrasjon/soap/o/funn_ved_fysisk_undersøkelse","rows":[{"cols":[{"width":"100%","children":[{"id":"form_demonstrasjon/soap/o/funn_ved_fysisk_undersøkelse/uspesifisert_hendelse/time","rows":[]},{"id":"form_demonstrasjon/soap/o/funn_ved_fysisk_undersøkelse/uspesifisert_hendelse/beskrivelse","rows":[]},{"id":"form_demonstrasjon/soap/o/funn_ved_fysisk_undersøkelse/uspesifisert_hendelse/fortolkning","rows":[]},{"id":"form_demonstrasjon/soap/o/funn_ved_fysisk_undersøkelse/uspesifisert_hendelse/kommentar","rows":[]}]}]}]}]},{"col":1,"row":32,"width":12,"height":31,"children":[{"id":"form_demonstrasjon/soap/o/vital_signs/blodtrykk","rows":[{"cols":[{"width":"100%","children":[{"id":"form_demonstrasjon/soap/o/vital_signs/blodtrykk/uspesifisert_hendelse/time","rows":[]},{"id":"form_demonstrasjon/soap/o/vital_signs/blodtrykk/uspesifisert_hendelse/systolisk","rows":[]},{"id":"form_demonstrasjon/soap/o/vital_signs/blodtrykk/uspesifisert_hendelse/diastolisk","rows":[]},{"id":"form_demonstrasjon/soap/o/vital_signs/blodtrykk/uspesifisert_hendelse/middelarterietrykk","rows":[]}]}]},{"cols":[{"width":"100%","children":[{"id":"form_demonstrasjon/soap/o/vital_signs/blodtrykk/uspesifisert_hendelse/kommentar","rows":[]}]}]},{"cols":[{"width":"100%","children":[{"id":"form_demonstrasjon/soap/o/vital_signs/blodtrykk/uspesifisert_hendelse/stilling","rows":[]},{"id":"form_demonstrasjon/soap/o/vital_signs/blodtrykk/målemetode","rows":[]},{"id":"form_demonstrasjon/soap/o/vital_signs/blodtrykk/mansjettstørrelse","rows":[]},{"id":"form_demonstrasjon/soap/o/vital_signs/blodtrykk/målested","rows":[]},{"id":"form_demonstrasjon/soap/o/vital_signs/blodtrykk/uspesifisert_hendelse/søvnstatus","rows":[]}]}]}]}]},{"col":1,"row":63,"width":12,"height":49,"children":[{"id":"form_demonstrasjon/soap/o/vital_signs/kroppstemperatur","rows":[{"cols":[{"width":"100%","children":[{"id":"form_demonstrasjon/soap/o/vital_signs/kroppstemperatur/uspesifisert_hendelse/temperatur","rows":[]},{"id":"form_demonstrasjon/soap/o/vital_signs/kroppstemperatur/uspesifisert_hendelse/time","rows":[]},{"id":"form_demonstrasjon/soap/o/vital_signs/kroppstemperatur/uspesifisert_hendelse/kroppseksponering","rows":[]},{"id":"form_demonstrasjon/soap/o/vital_signs/kroppstemperatur/målested","rows":[]}]}]}]},{"id":"form_demonstrasjon/soap/o/vital_signs/høyde_lengde","rows":[{"cols":[{"width":"100%","children":[{"id":"form_demonstrasjon/soap/o/vital_signs/høyde_lengde/uspesifisert_hendelse/høyde_lengde","rows":[]},{"id":"form_demonstrasjon/soap/o/vital_signs/høyde_lengde/uspesifisert_hendelse/time","rows":[]},{"id":"form_demonstrasjon/soap/o/vital_signs/høyde_lengde/uspesifisert_hendelse/kroppsstilling","rows":[]},{"id":"form_demonstrasjon/soap/o/vital_signs/høyde_lengde/uspesifisert_hendelse/kommentar","rows":[]}]}]}]},{"id":"form_demonstrasjon/soap/o/vital_signs/kroppsvekt","rows":[{"cols":[{"width":"100%","children":[{"id":"form_demonstrasjon/soap/o/vital_signs/kroppsvekt/uspesifisert_hendelse/kroppsvekt","rows":[]},{"id":"form_demonstrasjon/soap/o/vital_signs/kroppsvekt/uspesifisert_hendelse/time","rows":[]},{"id":"form_demonstrasjon/soap/o/vital_signs/kroppsvekt/uspesifisert_hendelse/påkledning","rows":[]},{"id":"form_demonstrasjon/soap/o/vital_signs/kroppsvekt/uspesifisert_hendelse/kommentar","rows":[]}]}]}]},{"id":"form_demonstrasjon/soap/o/vital_signs/kroppsmasseindeks","rows":[{"cols":[{"width":"100%","children":[{"id":"form_demonstrasjon/soap/o/vital_signs/kroppsmasseindeks/uspesifisert_hendelse/kroppsmasseindeks","rows":[]},{"id":"form_demonstrasjon/soap/o/vital_signs/kroppsmasseindeks/uspesifisert_hendelse/time","rows":[]},{"id":"form_demonstrasjon/soap/o/vital_signs/kroppsmasseindeks/metode","rows":[]}]}]}]}]},{"col":1,"row":112,"width":12,"height":6,"children":[{"id":"form_demonstrasjon/soap/a/klinisk_sammendrag","rows":[{"cols":[{"width":"100%","children":[{"id":"form_demonstrasjon/soap/a/klinisk_sammendrag/sammendrag","rows":[]}]}]}]}]}]