{"parent":null,"id":null,"name":"Form root","localizedName":null,"localizedNames":{},"localizedDescriptions":{},"rmType":"FORM_DEFINITION","nodeId":null,"min":0,"max":0,"aqlPath":null,"inputs":null,"formId":"form_root","cardinality":null,"viewConfig":{"multiplicity":null,"advanced":null,"label":null,"expanded":null,"layout":null,"size":null,"datasource":null,"extras":null,"annotations":{},"field":[],"tags":null},"dependsOn":null,"children":[{"parent":null,"id":null,"name":"Høyde/lengde","localizedName":"Høyde/lengde","localizedNames":{"en":"*Høyde/lengde (nb)","nb":"Høyde/lengde"},"localizedDescriptions":{"nb":"Høyde/lengde fra isse til fotsåle.","en":"*Høyde/lengde fra isse til fotsåle. (nb)"},"rmType":"DV_QUANTITY","nodeId":"at0004","min":0,"max":1,"aqlPath":"/content[openEHR-EHR-OBSERVATION.height.v1]/data[at0001]/events[at0002]/data[at0003]/items[at0004]/value","inputs":[{"suffix":"magnitude","type":"DECIMAL","terminology":null,"list":null,"validation":null,"defaultValue":"","listOpen":false,"threeState":null,"presentation":null,"hideTime":false,"columns":null,"lines":null},{"suffix":"unit","type":"CODED_TEXT","terminology":null,"list":[{"value":"cm","label":"cm","currentStates":null,"validation":{"range":{"minOp":">=","min":0.0,"maxOp":"<=","max":500.0},"precision":null},"ordinal":0,"localizedLabels":{},"localizedDescriptions":{}}],"validation":null,"defaultValue":null,"listOpen":false,"threeState":null,"presentation":null,"hideTime":false,"columns":null,"lines":null}],"formId":"liveformdemo/høyde_lengde/uspesifisert_hendelse/høyde_lengde","cardinality":null,"viewConfig":{"multiplicity":null,"advanced":{"hidden":false,"readonly":false,"tags":null},"label":{"custom":false,"value":null,"useLocalizations":false,"localizationsList":null},"expanded":null,"layout":{"label":{"valign":"inherit","align":"inherit"},"field":{"valign":"inherit","align":"inherit"}},"size":{"field":"inherit","label":"inherit"},"datasource":null,"extras":null,"annotations":{"calcId":"height"},"field":[],"tags":null},"dependsOn":null,"children":[],"inContext":null},{"parent":null,"id":null,"name":"Kroppsvekt","localizedName":"Kroppsvekt","localizedNames":{"en":"*Kroppsvekt (nb)","nb":"Kroppsvekt"},"localizedDescriptions":{"nb":"Et individs totale kroppsmasse.","en":"*Et individs totale kroppsmasse. (nb)"},"rmType":"DV_QUANTITY","nodeId":"at0004","min":0,"max":1,"aqlPath":"/content[openEHR-EHR-OBSERVATION.body_weight.v1]/data[at0002]/events[at0003]/data[at0001]/items[at0004]/value","inputs":[{"suffix":"magnitude","type":"DECIMAL","terminology":null,"list":null,"validation":null,"defaultValue":"","listOpen":false,"threeState":null,"presentation":null,"hideTime":false,"columns":null,"lines":null},{"suffix":"unit","type":"CODED_TEXT","terminology":null,"list":[{"value":"kg","label":"kg","currentStates":null,"validation":{"range":{"minOp":">=","min":0.0,"maxOp":"<","max":1000.0},"precision":null},"ordinal":0,"localizedLabels":{},"localizedDescriptions":{}},{"value":"g","label":"g","currentStates":null,"validation":{"range":{"minOp":">=","min":0.0,"maxOp":"<","max":100000.0},"precision":null},"ordinal":0,"localizedLabels":{},"localizedDescriptions":{}}],"validation":null,"defaultValue":null,"listOpen":false,"threeState":null,"presentation":null,"hideTime":false,"columns":null,"lines":null}],"formId":"liveformdemo/kroppsvekt/uspesifisert_hendelse/kroppsvekt","cardinality":null,"viewConfig":{"multiplicity":null,"advanced":{"hidden":false,"readonly":false,"tags":null},"label":{"custom":false,"value":null,"useLocalizations":false,"localizationsList":null},"expanded":null,"layout":{"label":{"valign":"inherit","align":"inherit"},"field":{"valign":"inherit","align":"inherit"}},"size":{"field":"inherit","label":"inherit"},"datasource":null,"extras":null,"annotations":{"calcId":"weight"},"field":[],"tags":null},"dependsOn":null,"children":[],"inContext":null},{"parent":null,"id":null,"name":"Kroppsmasseindeks","localizedName":"Kroppsmasseindeks","localizedNames":{"en":"Body Mass Index","nb":"Kroppsmasseindeks"},"localizedDescriptions":{"nb":"Indeks som beskriver forholdet mellom vekt og høyde.","en":"Index describing ratio of weight to height."},"rmType":"DV_QUANTITY","nodeId":"at0004","min":1,"max":1,"aqlPath":"/content[openEHR-EHR-OBSERVATION.body_mass_index.v1]/data[at0001]/events[at0002]/data[at0003]/items[at0004]/value","inputs":[{"suffix":"magnitude","type":"DECIMAL","terminology":null,"list":null,"validation":null,"defaultValue":"","listOpen":false,"threeState":null,"presentation":null,"hideTime":false,"columns":null,"lines":null},{"suffix":"unit","type":"CODED_TEXT","terminology":null,"list":[{"value":"kg/m2","label":"kg/m2","currentStates":null,"validation":{"range":{"minOp":">=","min":0.0,"maxOp":"<","max":500.0},"precision":null},"ordinal":0,"localizedLabels":{},"localizedDescriptions":{}}],"validation":null,"defaultValue":null,"listOpen":false,"threeState":null,"presentation":null,"hideTime":false,"columns":null,"lines":null}],"formId":"liveformdemo/kroppsmasseindeks/uspesifisert_hendelse/kroppsmasseindeks","cardinality":null,"viewConfig":{"multiplicity":null,"advanced":{"hidden":false,"readonly":false,"tags":null},"label":{"custom":false,"value":null,"useLocalizations":false,"localizationsList":null},"expanded":null,"layout":{"label":{"valign":"inherit","align":"inherit"},"field":{"valign":"inherit","align":"inherit"}},"size":{"field":"inherit","label":"inherit"},"datasource":null,"extras":null,"annotations":{"calc":"$weight/magnitude / POWER(($height/magnitude / 100),2)"},"field":[],"tags":null},"dependsOn":null,"children":[],"inContext":null}],"inContext":null}