[{"col":1,"row":1,"width":12,"height":4,"children":[{"id":"form_demonstrasjon/start_time","rows":[]}]},{"col":1,"row":5,"width":6,"height":40,"children":[{"id":"form_demonstrasjon/soap/o/vital_signs/kroppsvekt","rows":[{"cols":[{"width":"100%","children":[{"id":"form_demonstrasjon/soap/o/vital_signs/kroppsvekt/uspesifisert_hendelse/kroppsvekt","rows":[]},{"id":"form_demonstrasjon/soap/o/vital_signs/kroppsvekt/history/origin","rows":[]},{"id":"form_demonstrasjon/soap/o/vital_signs/kroppsvekt/uspesifisert_hendelse/kommentar","rows":[]}]}]}]},{"id":"form_demonstrasjon/soap/o/vital_signs/høyde_lengde","rows":[{"cols":[{"width":"100%","children":[{"id":"form_demonstrasjon/soap/o/vital_signs/høyde_lengde/uspesifisert_hendelse/høyde_lengde","rows":[]},{"id":"form_demonstrasjon/soap/o/vital_signs/høyde_lengde/history/origin","rows":[]},{"id":"form_demonstrasjon/soap/o/vital_signs/høyde_lengde/uspesifisert_hendelse/kommentar","rows":[]}]}]}]}]},{"col":7,"row":5,"width":6,"height":40,"children":[{"id":"form_demonstrasjon/soap/o/vital_signs/kroppsmasseindeks","rows":[{"cols":[{"width":"100%","children":[{"id":"form_demonstrasjon/soap/o/vital_signs/kroppsmasseindeks/uspesifisert_hendelse/kroppsmasseindeks","rows":[]},{"id":"form_demonstrasjon/soap/o/vital_signs/kroppsmasseindeks/history/origin","rows":[]},{"id":"form_demonstrasjon/soap/o/vital_signs/kroppsmasseindeks/metode","rows":[]}]}]}]},{"id":"form_demonstrasjon/soap/o/vital_signs/body_surface_area","rows":[{"cols":[{"width":"100%","children":[{"id":"form_demonstrasjon/soap/o/vital_signs/body_surface_area/any_event/body_surface_area","rows":[]},{"id":"form_demonstrasjon/soap/o/vital_signs/body_surface_area/event_series/origin","rows":[]}]}]}]}]}]