{"parent":null,"id":null,"name":"Form root","localizedName":null,"localizedNames":{},"localizedDescriptions":{},"rmType":"FORM_DEFINITION","nodeId":null,"min":0,"max":0,"aqlPath":null,"inputs":[],"formId":"form_root","cardinality":null,"viewConfig":{"multiplicity":null,"advanced":null,"label":{"custom":false,"value":null,"useLocalizations":false,"localizationsList":null},"expanded":null,"layout":{"label":{"valign":"inherit","align":"top"},"field":{"valign":"inherit","align":"inherit"}},"size":{"field":"large","label":"inherit"},"datasource":null,"extras":null,"annotations":{},"field":[],"tags":null},"dependsOn":null,"children":[{"parent":null,"id":null,"name":"Undersøkelsesdato","localizedName":"Undersøkelsesdato","localizedNames":{"en":"Examination date","nb":"Undersøkelsesdato"},"localizedDescriptions":{},"rmType":"DV_DATE_TIME","nodeId":null,"min":0,"max":1,"aqlPath":"/context/start_time","inputs":[{"suffix":null,"type":"DATETIME","terminology":null,"list":null,"validation":null,"defaultValue":null,"listOpen":false,"threeState":null,"presentation":null,"hideTime":false,"columns":null,"lines":null}],"formId":"form_demonstrasjon/start_time","cardinality":null,"viewConfig":{"multiplicity":null,"advanced":{"hidden":false,"readonly":false,"tags":null},"label":{"custom":false,"value":null,"useLocalizations":false,"localizationsList":null},"expanded":null,"layout":{"label":{"valign":"inherit","align":"inherit"},"field":{"valign":"inherit","align":"inherit"}},"size":{"field":"inherit","label":"inherit"},"datasource":null,"extras":null,"annotations":{"defaultValue":"DURATION_SUBTRACT(Iso8601DateTime(NowTicks()), \"PT3M\")","calcId":"when"},"field":[],"tags":null},"dependsOn":null,"children":[],"inContext":null},{"parent":null,"id":null,"name":"Kroppsvekt","localizedName":"Kroppsvekt","localizedNames":{"en":"*Kroppsvekt (nb)","nb":"Kroppsvekt"},"localizedDescriptions":{"nb":"Individets kroppsvekt.","en":"*Individets kroppsvekt. (nb)"},"rmType":"OBSERVATION","nodeId":"openEHR-EHR-OBSERVATION.body_weight.v1","min":0,"max":1,"aqlPath":"/content[openEHR-EHR-SECTION.soap.v0]/items[at0002]/items[openEHR-EHR-SECTION.vital_signs.v0]/items[openEHR-EHR-OBSERVATION.body_weight.v1]","inputs":[],"formId":"form_demonstrasjon/soap/o/vital_signs/kroppsvekt","cardinality":null,"viewConfig":{"multiplicity":null,"advanced":{"hidden":false,"readonly":false,"tags":null},"label":{"custom":false,"value":null,"useLocalizations":false,"localizationsList":null},"expanded":null,"layout":{"label":{"valign":"inherit","align":"inherit"},"field":{"valign":"inherit","align":"inherit"}},"size":{"field":"inherit","label":"inherit"},"datasource":null,"extras":null,"annotations":{},"field":[],"tags":null},"dependsOn":null,"children":[{"parent":null,"id":null,"name":"Kroppsvekt","localizedName":"Kroppsvekt","localizedNames":{"en":"*Kroppsvekt (nb)","nb":"Kroppsvekt"},"localizedDescriptions":{"nb":"Et individs totale kroppsmasse.","en":"*Et individs totale kroppsmasse. (nb)"},"rmType":"DV_QUANTITY","nodeId":"at0004","min":1,"max":1,"aqlPath":"/content[openEHR-EHR-SECTION.soap.v0]/items[at0002]/items[openEHR-EHR-SECTION.vital_signs.v0]/items[openEHR-EHR-OBSERVATION.body_weight.v1]/data[at0002]/events[at0003]/data[at0001]/items[at0004]/value","inputs":[{"suffix":"magnitude","type":"DECIMAL","terminology":null,"list":null,"validation":null,"defaultValue":"","listOpen":false,"threeState":null,"presentation":null,"hideTime":false,"columns":null,"lines":null},{"suffix":"unit","type":"CODED_TEXT","terminology":null,"list":[{"value":"kg","label":"kg","currentStates":null,"validation":{"range":{"minOp":">=","min":0.0,"maxOp":"<","max":1000.0},"precision":null},"ordinal":0,"localizedLabels":{},"localizedDescriptions":{}}],"validation":null,"defaultValue":null,"listOpen":false,"threeState":null,"presentation":null,"hideTime":false,"columns":null,"lines":null}],"formId":"form_demonstrasjon/soap/o/vital_signs/kroppsvekt/uspesifisert_hendelse/kroppsvekt","cardinality":null,"viewConfig":{"multiplicity":null,"advanced":{"hidden":false,"readonly":false,"tags":null},"label":{"custom":false,"value":null,"useLocalizations":false,"localizationsList":null},"expanded":null,"layout":{"label":{"valign":"inherit","align":"inherit"},"field":{"valign":"inherit","align":"inherit"}},"size":{"field":"inherit","label":"inherit"},"datasource":null,"extras":null,"annotations":{"calcId":"weight"},"field":[],"tags":null},"dependsOn":null,"children":[],"inContext":null},{"parent":null,"id":null,"name":"Origin","localizedName":"Origin","localizedNames":{"en":"*Origin (en)","nb":"Origin"},"localizedDescriptions":{},"rmType":"DV_DATE_TIME","nodeId":null,"min":0,"max":1,"aqlPath":"/content[openEHR-EHR-SECTION.soap.v0]/items[at0002]/items[openEHR-EHR-SECTION.vital_signs.v0]/items[openEHR-EHR-OBSERVATION.body_weight.v1]/data[at0002]/origin","inputs":[{"suffix":null,"type":"DATETIME","terminology":null,"list":null,"validation":null,"defaultValue":null,"listOpen":false,"threeState":null,"presentation":null,"hideTime":false,"columns":null,"lines":null}],"formId":"form_demonstrasjon/soap/o/vital_signs/kroppsvekt/history/origin","cardinality":null,"viewConfig":{"multiplicity":null,"advanced":{"hidden":true,"readonly":false,"tags":null},"label":{"custom":false,"value":null,"useLocalizations":false,"localizationsList":null},"expanded":null,"layout":{"label":{"valign":"inherit","align":"inherit"},"field":{"valign":"inherit","align":"inherit"}},"size":{"field":"inherit","label":"inherit"},"datasource":null,"extras":null,"annotations":{"calc":"$when/value"},"field":[],"tags":null},"dependsOn":null,"children":[],"inContext":null},{"parent":null,"id":null,"name":"Kommentar","localizedName":"Kommentar","localizedNames":{"en":"*Kommentar (nb)","nb":"Kommentar"},"localizedDescriptions":{"nb":"Ytterligere beskrivelse av målingen av kroppsvekt som ikke dekkes i andre felt.","en":"*Ytterligere beskrivelse av målingen av kroppsvekt som ikke dekkes i andre felt. (nb)"},"rmType":"DV_TEXT","nodeId":"at0024","min":0,"max":1,"aqlPath":"/content[openEHR-EHR-SECTION.soap.v0]/items[at0002]/items[openEHR-EHR-SECTION.vital_signs.v0]/items[openEHR-EHR-OBSERVATION.body_weight.v1]/data[at0002]/events[at0003]/data[at0001]/items[at0024]/value","inputs":[{"suffix":null,"type":"TEXT","terminology":null,"list":[],"validation":null,"defaultValue":null,"listOpen":false,"threeState":null,"presentation":null,"hideTime":false,"columns":null,"lines":null}],"formId":"form_demonstrasjon/soap/o/vital_signs/kroppsvekt/uspesifisert_hendelse/kommentar","cardinality":null,"viewConfig":{"multiplicity":null,"advanced":{"hidden":false,"readonly":false,"tags":null},"label":{"custom":false,"value":null,"useLocalizations":false,"localizationsList":null},"expanded":null,"layout":{"label":{"valign":"inherit","align":"inherit"},"field":{"valign":"inherit","align":"inherit"}},"size":{"field":"inherit","label":"inherit"},"datasource":null,"extras":null,"annotations":{},"field":[{"input":{"suffix":null,"type":"DV_TEXT","terminology":null,"list":null,"validation":null,"defaultValue":null,"listOpen":false,"threeState":null,"presentation":null,"hideTime":false,"columns":null,"lines":0},"code":null,"hidden":null,"name":null,"formId":null,"type":null}],"tags":["ForceMinMultiplicity"]},"dependsOn":null,"children":[],"inContext":null}],"inContext":null},{"parent":null,"id":null,"name":"Høyde/Lengde","localizedName":"Høyde/Lengde","localizedNames":{"en":"*Høyde/Lengde (nb)","nb":"Høyde/Lengde"},"localizedDescriptions":{"nb":"Individets høyde eller lengde målt fra isse til fotsåle. Høyde måles stående og lengde liggende.","en":"*Individets høyde eller lengde målt fra isse til fotsåle. Høyde måles stående og lengde liggende. (nb)"},"rmType":"OBSERVATION","nodeId":"openEHR-EHR-OBSERVATION.height.v1","min":0,"max":1,"aqlPath":"/content[openEHR-EHR-SECTION.soap.v0]/items[at0002]/items[openEHR-EHR-SECTION.vital_signs.v0]/items[openEHR-EHR-OBSERVATION.height.v1]","inputs":[],"formId":"form_demonstrasjon/soap/o/vital_signs/høyde_lengde","cardinality":null,"viewConfig":{"multiplicity":null,"advanced":{"hidden":false,"readonly":false,"tags":null},"label":{"custom":false,"value":null,"useLocalizations":false,"localizationsList":null},"expanded":null,"layout":{"label":{"valign":"inherit","align":"inherit"},"field":{"valign":"inherit","align":"inherit"}},"size":{"field":"inherit","label":"inherit"},"datasource":null,"extras":null,"annotations":{},"field":[],"tags":null},"dependsOn":null,"children":[{"parent":null,"id":null,"name":"Høyde/lengde","localizedName":"Høyde/lengde","localizedNames":{"en":"*Høyde/lengde (nb)","nb":"Høyde/lengde"},"localizedDescriptions":{"nb":"Høyde/lengde fra isse til fotsåle.","en":"*Høyde/lengde fra isse til fotsåle. (nb)"},"rmType":"DV_QUANTITY","nodeId":"at0004","min":1,"max":1,"aqlPath":"/content[openEHR-EHR-SECTION.soap.v0]/items[at0002]/items[openEHR-EHR-SECTION.vital_signs.v0]/items[openEHR-EHR-OBSERVATION.height.v1]/data[at0001]/events[at0002]/data[at0003]/items[at0004]/value","inputs":[{"suffix":"magnitude","type":"DECIMAL","terminology":null,"list":null,"validation":null,"defaultValue":"","listOpen":false,"threeState":null,"presentation":null,"hideTime":false,"columns":null,"lines":null},{"suffix":"unit","type":"CODED_TEXT","terminology":null,"list":[{"value":"cm","label":"cm","currentStates":null,"validation":{"range":{"minOp":">=","min":0.0,"maxOp":"<=","max":500.0},"precision":null},"ordinal":0,"localizedLabels":{},"localizedDescriptions":{}}],"validation":null,"defaultValue":null,"listOpen":false,"threeState":null,"presentation":null,"hideTime":false,"columns":null,"lines":null}],"formId":"form_demonstrasjon/soap/o/vital_signs/høyde_lengde/uspesifisert_hendelse/høyde_lengde","cardinality":null,"viewConfig":{"multiplicity":null,"advanced":{"hidden":false,"readonly":false,"tags":null},"label":{"custom":false,"value":null,"useLocalizations":false,"localizationsList":null},"expanded":null,"layout":{"label":{"valign":"inherit","align":"inherit"},"field":{"valign":"inherit","align":"inherit"}},"size":{"field":"inherit","label":"inherit"},"datasource":null,"extras":null,"annotations":{"calcId":"height"},"field":[],"tags":null},"dependsOn":null,"children":[],"inContext":null},{"parent":null,"id":null,"name":"Origin","localizedName":"Origin","localizedNames":{"en":"*Origin (en)","nb":"Origin"},"localizedDescriptions":{},"rmType":"DV_DATE_TIME","nodeId":null,"min":0,"max":1,"aqlPath":"/content[openEHR-EHR-SECTION.soap.v0]/items[at0002]/items[openEHR-EHR-SECTION.vital_signs.v0]/items[openEHR-EHR-OBSERVATION.height.v1]/data[at0001]/origin","inputs":[{"suffix":null,"type":"DATETIME","terminology":null,"list":null,"validation":null,"defaultValue":null,"listOpen":false,"threeState":null,"presentation":null,"hideTime":false,"columns":null,"lines":null}],"formId":"form_demonstrasjon/soap/o/vital_signs/høyde_lengde/history/origin","cardinality":null,"viewConfig":{"multiplicity":null,"advanced":{"hidden":true,"readonly":false,"tags":null},"label":{"custom":false,"value":null,"useLocalizations":false,"localizationsList":null},"expanded":null,"layout":{"label":{"valign":"inherit","align":"inherit"},"field":{"valign":"inherit","align":"inherit"}},"size":{"field":"inherit","label":"inherit"},"datasource":null,"extras":null,"annotations":{"calc":"$when/value"},"field":[],"tags":null},"dependsOn":null,"children":[],"inContext":null},{"parent":null,"id":null,"name":"Kommentar","localizedName":"Kommentar","localizedNames":{"en":"*Kommentar (nb)","nb":"Kommentar"},"localizedDescriptions":{"nb":"Ytterligere beskrivelse av målingen av høyde/lengde som ikke dekkes i andre felt.","en":"*Ytterligere beskrivelse av målingen av høyde/lengde som ikke dekkes i andre felt. (nb)"},"rmType":"DV_TEXT","nodeId":"at0018","min":0,"max":1,"aqlPath":"/content[openEHR-EHR-SECTION.soap.v0]/items[at0002]/items[openEHR-EHR-SECTION.vital_signs.v0]/items[openEHR-EHR-OBSERVATION.height.v1]/data[at0001]/events[at0002]/data[at0003]/items[at0018]/value","inputs":[{"suffix":null,"type":"TEXT","terminology":null,"list":[],"validation":null,"defaultValue":null,"listOpen":false,"threeState":null,"presentation":null,"hideTime":false,"columns":null,"lines":null}],"formId":"form_demonstrasjon/soap/o/vital_signs/høyde_lengde/uspesifisert_hendelse/kommentar","cardinality":null,"viewConfig":{"multiplicity":null,"advanced":{"hidden":false,"readonly":false,"tags":null},"label":{"custom":false,"value":null,"useLocalizations":false,"localizationsList":null},"expanded":null,"layout":{"label":{"valign":"inherit","align":"inherit"},"field":{"valign":"inherit","align":"inherit"}},"size":{"field":"inherit","label":"inherit"},"datasource":null,"extras":null,"annotations":{},"field":[{"input":{"suffix":null,"type":"DV_TEXT","terminology":null,"list":null,"validation":null,"defaultValue":null,"listOpen":false,"threeState":null,"presentation":null,"hideTime":false,"columns":null,"lines":0},"code":null,"hidden":null,"name":null,"formId":null,"type":null}],"tags":["ForceMinMultiplicity"]},"dependsOn":null,"children":[],"inContext":null}],"inContext":null},{"parent":null,"id":null,"name":"Kroppsmasseindeks","localizedName":"Kroppsmasseindeks","localizedNames":{"en":"Body mass index","nb":"Kroppsmasseindeks"},"localizedDescriptions":{"nb":"Beregnet verdi som gjenspeiler individets kroppsmasse på grunnlag av dens høyde og vekt.","en":"Calculated measurement which compares a person's weight and height."},"rmType":"OBSERVATION","nodeId":"openEHR-EHR-OBSERVATION.body_mass_index.v1","min":0,"max":1,"aqlPath":"/content[openEHR-EHR-SECTION.soap.v0]/items[at0002]/items[openEHR-EHR-SECTION.vital_signs.v0]/items[openEHR-EHR-OBSERVATION.body_mass_index.v1]","inputs":[],"formId":"form_demonstrasjon/soap/o/vital_signs/kroppsmasseindeks","cardinality":null,"viewConfig":{"multiplicity":null,"advanced":{"hidden":false,"readonly":false,"tags":null},"label":{"custom":false,"value":null,"useLocalizations":false,"localizationsList":null},"expanded":null,"layout":{"label":{"valign":"inherit","align":"inherit"},"field":{"valign":"inherit","align":"inherit"}},"size":{"field":"inherit","label":"inherit"},"datasource":null,"extras":null,"annotations":{},"field":[],"tags":null},"dependsOn":null,"children":[{"parent":null,"id":null,"name":"Kroppsmasseindeks","localizedName":"Kroppsmasseindeks","localizedNames":{"en":"Body Mass Index","nb":"Kroppsmasseindeks"},"localizedDescriptions":{"nb":"Indeks som beskriver forholdet mellom vekt og høyde.","en":"Index describing ratio of weight to height."},"rmType":"DV_QUANTITY","nodeId":"at0004","min":1,"max":1,"aqlPath":"/content[openEHR-EHR-SECTION.soap.v0]/items[at0002]/items[openEHR-EHR-SECTION.vital_signs.v0]/items[openEHR-EHR-OBSERVATION.body_mass_index.v1]/data[at0001]/events[at0002]/data[at0003]/items[at0004]/value","inputs":[{"suffix":"magnitude","type":"DECIMAL","terminology":null,"list":null,"validation":null,"defaultValue":"","listOpen":false,"threeState":null,"presentation":null,"hideTime":false,"columns":null,"lines":null},{"suffix":"unit","type":"CODED_TEXT","terminology":null,"list":[{"value":"kg/m2","label":"kg/m2","currentStates":null,"validation":{"range":{"minOp":">=","min":0.0,"maxOp":"<","max":500.0},"precision":null},"ordinal":0,"localizedLabels":{},"localizedDescriptions":{}}],"validation":null,"defaultValue":null,"listOpen":false,"threeState":null,"presentation":null,"hideTime":false,"columns":null,"lines":null}],"formId":"form_demonstrasjon/soap/o/vital_signs/kroppsmasseindeks/uspesifisert_hendelse/kroppsmasseindeks","cardinality":null,"viewConfig":{"multiplicity":null,"advanced":{"hidden":false,"readonly":false,"tags":null},"label":{"custom":false,"value":null,"useLocalizations":false,"localizationsList":null},"expanded":null,"layout":{"label":{"valign":"inherit","align":"inherit"},"field":{"valign":"inherit","align":"inherit"}},"size":{"field":"inherit","label":"inherit"},"datasource":null,"extras":null,"annotations":{"calc":"ROUND($weight/magnitude / POWER(($height/magnitude / 100),2),2)"},"field":[],"tags":null},"dependsOn":null,"children":[],"inContext":null},{"parent":null,"id":null,"name":"Origin","localizedName":"Origin","localizedNames":{"en":"*Origin (en)","nb":"Origin"},"localizedDescriptions":{},"rmType":"DV_DATE_TIME","nodeId":null,"min":0,"max":1,"aqlPath":"/content[openEHR-EHR-SECTION.soap.v0]/items[at0002]/items[openEHR-EHR-SECTION.vital_signs.v0]/items[openEHR-EHR-OBSERVATION.body_mass_index.v1]/data[at0001]/origin","inputs":[{"suffix":null,"type":"DATETIME","terminology":null,"list":null,"validation":null,"defaultValue":null,"listOpen":false,"threeState":null,"presentation":null,"hideTime":false,"columns":null,"lines":null}],"formId":"form_demonstrasjon/soap/o/vital_signs/kroppsmasseindeks/history/origin","cardinality":null,"viewConfig":{"multiplicity":null,"advanced":{"hidden":true,"readonly":false,"tags":null},"label":{"custom":false,"value":null,"useLocalizations":false,"localizationsList":null},"expanded":null,"layout":{"label":{"valign":"inherit","align":"inherit"},"field":{"valign":"inherit","align":"inherit"}},"size":{"field":"inherit","label":"inherit"},"datasource":null,"extras":null,"annotations":{"calc":"$when"},"field":[],"tags":null},"dependsOn":null,"children":[],"inContext":null},{"parent":null,"id":null,"name":"Metode","localizedName":"Metode","localizedNames":{"en":"Method","nb":"Metode"},"localizedDescriptions":{"nb":"Metode for registrering av kroppsmasseindeks.","en":"The method of entering the Body Mass Index."},"rmType":"DV_CODED_TEXT","nodeId":"at0006","min":0,"max":1,"aqlPath":"/content[openEHR-EHR-SECTION.soap.v0]/items[at0002]/items[openEHR-EHR-SECTION.vital_signs.v0]/items[openEHR-EHR-OBSERVATION.body_mass_index.v1]/protocol[at0005]/items[at0006]/value","inputs":[{"suffix":"code","type":"CODED_TEXT","terminology":null,"list":[{"value":"at0007","label":"Automatisk registrering","currentStates":null,"validation":null,"ordinal":0,"localizedLabels":{"nb":"Automatisk registrering","en":"Automatic entry"},"localizedDescriptions":{"nb":"Kroppsmasseindeks beregnes og legges inn automatisk, uten brukermedvirkning.","en":"Body Mass Index calculated and entered automatically without user intervention."}},{"value":"at0008","label":"Manuell registrering","currentStates":null,"validation":null,"ordinal":0,"localizedLabels":{"nb":"Manuell registrering","en":"Direct entry"},"localizedDescriptions":{"nb":"Kroppsmasseindeks beregnes og registreres manuelt av brukeren.","en":"Body Mass Index calculated and entered directly by user."}}],"validation":null,"defaultValue":"at0007","listOpen":false,"threeState":null,"presentation":null,"hideTime":false,"columns":null,"lines":null}],"formId":"form_demonstrasjon/soap/o/vital_signs/kroppsmasseindeks/metode","cardinality":null,"viewConfig":{"multiplicity":null,"advanced":{"hidden":true,"readonly":false,"tags":null},"label":{"custom":false,"value":null,"useLocalizations":false,"localizationsList":null},"expanded":null,"layout":{"label":{"valign":"inherit","align":"inherit"},"field":{"valign":"inherit","align":"inherit"}},"size":{"field":"inherit","label":"inherit"},"datasource":null,"extras":null,"annotations":{},"field":[{"input":null,"code":{"presentation":"combobox","columns":"2"},"hidden":null,"name":null,"formId":null,"type":null}],"tags":null},"dependsOn":null,"children":[],"inContext":null}],"inContext":null},{"parent":null,"id":null,"name":"Body Surface Area","localizedName":"Body Surface Area","localizedNames":{"en":"Body Surface Area","nb":"Body Surface Area"},"localizedDescriptions":{"nb":"The measured or calculated surface area of a human body, commonly referred to as BSA.","en":"The measured or calculated surface area of a human body, commonly referred to as BSA."},"rmType":"OBSERVATION","nodeId":"openEHR-EHR-OBSERVATION.body_surface_area.v0","min":0,"max":1,"aqlPath":"/content[openEHR-EHR-SECTION.soap.v0]/items[at0002]/items[openEHR-EHR-SECTION.vital_signs.v0]/items[openEHR-EHR-OBSERVATION.body_surface_area.v0]","inputs":[],"formId":"form_demonstrasjon/soap/o/vital_signs/body_surface_area","cardinality":null,"viewConfig":{"multiplicity":null,"advanced":{"hidden":false,"readonly":false,"tags":null},"label":{"custom":false,"value":null,"useLocalizations":false,"localizationsList":null},"expanded":null,"layout":{"label":{"valign":"inherit","align":"inherit"},"field":{"valign":"inherit","align":"inherit"}},"size":{"field":"inherit","label":"inherit"},"datasource":null,"extras":null,"annotations":{},"field":[],"tags":null},"dependsOn":null,"children":[{"parent":null,"id":null,"name":"Body Surface Area","localizedName":"Body Surface Area","localizedNames":{"en":"Body Surface Area","nb":"Body Surface Area"},"localizedDescriptions":{"nb":"The measured or calculated surface area of a human body.","en":"The measured or calculated surface area of a human body."},"rmType":"DV_QUANTITY","nodeId":"at0004","min":1,"max":1,"aqlPath":"/content[openEHR-EHR-SECTION.soap.v0]/items[at0002]/items[openEHR-EHR-SECTION.vital_signs.v0]/items[openEHR-EHR-OBSERVATION.body_surface_area.v0]/data[at0001]/events[at0002]/data[at0003]/items[at0004]/value","inputs":[{"suffix":"magnitude","type":"DECIMAL","terminology":null,"list":null,"validation":null,"defaultValue":"","listOpen":false,"threeState":null,"presentation":null,"hideTime":false,"columns":null,"lines":null},{"suffix":"unit","type":"CODED_TEXT","terminology":null,"list":[{"value":"m2","label":"m2","currentStates":null,"validation":{"range":{"minOp":">","min":0.0,"maxOp":"<","max":0.0},"precision":null},"ordinal":0,"localizedLabels":{},"localizedDescriptions":{}}],"validation":null,"defaultValue":null,"listOpen":false,"threeState":null,"presentation":null,"hideTime":false,"columns":null,"lines":null}],"formId":"form_demonstrasjon/soap/o/vital_signs/body_surface_area/any_event/body_surface_area","cardinality":null,"viewConfig":{"multiplicity":null,"advanced":{"hidden":false,"readonly":false,"tags":null},"label":{"custom":false,"value":null,"useLocalizations":false,"localizationsList":null},"expanded":null,"layout":{"label":{"valign":"inherit","align":"inherit"},"field":{"valign":"inherit","align":"inherit"}},"size":{"field":"inherit","label":"inherit"},"datasource":null,"extras":null,"annotations":{"calc":"ROUND(SQRT(($weight/magnitude * $height/magnitude)/3600) , 2)"},"field":[],"tags":null},"dependsOn":null,"children":[],"inContext":null},{"parent":null,"id":null,"name":"Origin","localizedName":"Origin","localizedNames":{"en":"*Origin (en)","nb":"Origin"},"localizedDescriptions":{},"rmType":"DV_DATE_TIME","nodeId":null,"min":0,"max":1,"aqlPath":"/content[openEHR-EHR-SECTION.soap.v0]/items[at0002]/items[openEHR-EHR-SECTION.vital_signs.v0]/items[openEHR-EHR-OBSERVATION.body_surface_area.v0]/data[at0001]/origin","inputs":[{"suffix":null,"type":"DATETIME","terminology":null,"list":null,"validation":null,"defaultValue":null,"listOpen":false,"threeState":null,"presentation":null,"hideTime":false,"columns":null,"lines":null}],"formId":"form_demonstrasjon/soap/o/vital_signs/body_surface_area/event_series/origin","cardinality":null,"viewConfig":{"multiplicity":null,"advanced":{"hidden":true,"readonly":false,"tags":null},"label":{"custom":false,"value":null,"useLocalizations":false,"localizationsList":null},"expanded":null,"layout":{"label":{"valign":"inherit","align":"inherit"},"field":{"valign":"inherit","align":"inherit"}},"size":{"field":"inherit","label":"inherit"},"datasource":null,"extras":null,"annotations":{"calc":"$when/value"},"field":[],"tags":null},"dependsOn":null,"children":[],"inContext":null}],"inContext":null}],"inContext":null}