[{"col":1,"row":1,"width":12,"height":39,"children":[{"id":"skåringer/skåringer/braden-skala","rows":[{"cols":[{"width":"100%","children":[{"id":"skåringer/skåringer/braden-skala/uspesifisert_hendelse","rows":[{"cols":[{"width":"100%","children":[{"id":"skåringer/skåringer/braden-skala/uspesifisert_hendelse/time","rows":[]},{"id":"skåringer/skåringer/braden-skala/uspesifisert_hendelse/evnen_til_å_oppfatte_og_reagere_på_stimuli","rows":[]},{"id":"skåringer/skåringer/braden-skala/uspesifisert_hendelse/fuktighet","rows":[]},{"id":"skåringer/skåringer/braden-skala/uspesifisert_hendelse/aktivitet","rows":[]},{"id":"skåringer/skåringer/braden-skala/uspesifisert_hendelse/mobilitet","rows":[]},{"id":"skåringer/skåringer/braden-skala/uspesifisert_hendelse/ernæring","rows":[]},{"id":"skåringer/skåringer/braden-skala/uspesifisert_hendelse/friksjon_og_skyveeffekt","rows":[]},{"id":"skåringer/skåringer/braden-skala/uspesifisert_hendelse/braden_totalskår","rows":[]},{"id":"skåringer/skåringer/braden-skala/uspesifisert_hendelse/kommentar","rows":[]}]}]}]}]}]}]}]}]