{"parent":null,"id":null,"name":"Form root","localizedName":null,"localizedNames":{},"localizedDescriptions":{},"rmType":"FORM_DEFINITION","nodeId":null,"min":0,"max":0,"aqlPath":null,"inputs":[],"formId":"form_root","cardinality":null,"viewConfig":{"multiplicity":null,"advanced":null,"label":{"custom":false,"value":null,"useLocalizations":false,"localizationsList":null},"expanded":null,"layout":{"label":{"valign":"inherit","align":"top"},"field":{"valign":"inherit","align":"inherit"}},"size":{"field":"medium","label":"inherit"},"datasource":null,"extras":null,"annotations":{},"field":[],"tags":null},"dependsOn":null,"children":[{"parent":null,"id":null,"name":"Braden-skala","localizedName":"Braden-skala","localizedNames":{"nb":"Braden-skala","en":"Braden Scale"},"localizedDescriptions":{"nb":"Braden-skala for vurdering av trykksår er et verktøy som brukes for å vurdere risiko for trykksårutvikling hos voksne og hos barn som er eldre enn fem år gamle.","en":"The Braden Scale for Predicting Pressure Sore Risk is a tool used to assess the risk of pressure ulcer development in adults and children over the age of five years."},"rmType":"OBSERVATION","nodeId":"openEHR-EHR-OBSERVATION.braden_scale.v1","min":0,"max":1,"aqlPath":"/content[openEHR-EHR-SECTION.adhoc.v1 and name/value='Skåringer']/items[openEHR-EHR-OBSERVATION.braden_scale.v1]","inputs":[],"formId":"skåringer/skåringer/braden-skala","cardinality":null,"viewConfig":{"multiplicity":null,"advanced":null,"label":null,"expanded":null,"layout":null,"size":null,"datasource":null,"extras":null,"annotations":{},"field":[],"tags":[]},"dependsOn":null,"children":[{"parent":null,"id":null,"name":"Uspesifisert hendelse","localizedName":"Uspesifisert hendelse","localizedNames":{"en":"Any event","nb":"Uspesifisert hendelse"},"localizedDescriptions":{"nb":"Standard, uspesifisert tidspunkt eller tidsintervall som kan defineres mer eksplisitt i en template eller i en applikasjon.","en":"Default, unspecified point in time event which may be explicitly defined in a template or at run-time."},"rmType":"EVENT","nodeId":"at0002","min":1,"max":1,"aqlPath":"/content[openEHR-EHR-SECTION.adhoc.v1 and name/value='Skåringer']/items[openEHR-EHR-OBSERVATION.braden_scale.v1]/data[at0001]/events[at0002]","inputs":[],"formId":"skåringer/skåringer/braden-skala/uspesifisert_hendelse","cardinality":null,"viewConfig":{"multiplicity":null,"advanced":{"hidden":false,"readonly":false,"tags":null},"label":{"custom":false,"value":null,"useLocalizations":false,"localizationsList":null},"expanded":null,"layout":{"label":{"valign":"inherit","align":"inherit"},"field":{"valign":"inherit","align":"inherit"}},"size":{"field":"large","label":"inherit"},"datasource":null,"extras":null,"annotations":{},"field":[],"tags":["HideLabel"]},"dependsOn":null,"children":[{"parent":null,"id":null,"name":"Når","localizedName":"Når","localizedNames":{"en":"When","nb":"Når"},"localizedDescriptions":{},"rmType":"DV_DATE_TIME","nodeId":null,"min":0,"max":1,"aqlPath":"/content[openEHR-EHR-SECTION.adhoc.v1 and name/value='Skåringer']/items[openEHR-EHR-OBSERVATION.braden_scale.v1]/data[at0001]/events[at0002]/time","inputs":[{"suffix":null,"type":"DATETIME","terminology":null,"list":null,"validation":null,"defaultValue":null,"listOpen":false,"threeState":null,"presentation":null,"hideTime":false,"columns":null,"lines":null}],"formId":"skåringer/skåringer/braden-skala/uspesifisert_hendelse/time","cardinality":null,"viewConfig":{"multiplicity":null,"advanced":{"hidden":false,"readonly":false,"tags":null},"label":{"custom":false,"value":null,"useLocalizations":false,"localizationsList":null},"expanded":null,"layout":{"label":{"valign":"inherit","align":"inherit"},"field":{"valign":"inherit","align":"inherit"}},"size":{"field":"inherit","label":"inherit"},"datasource":null,"extras":null,"annotations":{"defaultValue":"DURATION_SUBTRACT(Iso8601DateTime(NowTicks()), \"PT3M\")"},"field":[],"tags":null},"dependsOn":null,"children":[],"inContext":null},{"parent":null,"id":null,"name":"Evnen til å oppfatte og reagere på stimuli","localizedName":"Evnen til å oppfatte og reagere på stimuli","localizedNames":{"en":"Sensory perception","nb":"Evnen til å oppfatte og reagere på stimuli"},"localizedDescriptions":{"nb":"Evnen til å reagere hensiktsmessig ved ubehag som er trykkrelatert.","en":"Ability to respond meaningfully to pressure-related discomfort."},"rmType":"DV_ORDINAL","nodeId":"at0004","min":0,"max":1,"aqlPath":"/content[openEHR-EHR-SECTION.adhoc.v1 and name/value='Skåringer']/items[openEHR-EHR-OBSERVATION.braden_scale.v1]/data[at0001]/events[at0002]/data[at0003]/items[at0004]/value","inputs":[{"suffix":null,"type":"CODED_TEXT","terminology":null,"list":[{"value":"at0005","label":"Totalt redusert","currentStates":null,"validation":null,"ordinal":1,"localizedLabels":{"nb":"Totalt redusert","en":"Completely limited"},"localizedDescriptions":{"nb":"Reagerer ikke på smertestimuli på grunn av redusert bevissthetsnivå eller sedasjon, (stønner ikke, avverger ikke) eller har redusert evne til å kjenne smerte over mesteparten av kroppens overflate.","en":"Unresponsive (does not moan, flinch, or grasp) to painful stimuli, due to diminished level of consciousness or sedation. OR limited ability to feel pain over most of body."}},{"value":"at0006","label":"Meget redusert","currentStates":null,"validation":null,"ordinal":2,"localizedLabels":{"nb":"Meget redusert","en":"Very limited"},"localizedDescriptions":{"nb":"Reagerer kun på smertestimuli. Kommuniserer ikke ubehag unntatt ved stønn eller rastløshet eller har redusert evne til å oppfatte sansestimuli med begrenset evne til å kjenne smerte eller ubehag over halvparten av kroppens overflate.","en":"Responds only to painful stimuli. Cannot communicate discomfort except by moaning or restlessness. OR has a sensory impairment which limits the ability to feel pain or discomfort over 1/2 of body."}},{"value":"at0007","label":"Noe redusert","currentStates":null,"validation":null,"ordinal":3,"localizedLabels":{"nb":"Noe redusert","en":"Slightly limited"},"localizedDescriptions":{"nb":"Reagerer på verbale stimuli men klarer ikke alltid å formidle ubehag eller behov for å bli snudd eller\nhar noe redusert evne til å oppfatte sansestimuli med begrenset evne til å kjenne smerte eller behag i en eller to ekstremiteter.","en":"Responds to verbal commands, but cannot always communicate discomfort or the need to be turned. OR has some sensory impairment which limits ability to feel pain or discomfort in 1 or 2 extremities."}},{"value":"at0008","label":"Ikke redusert","currentStates":null,"validation":null,"ordinal":4,"localizedLabels":{"nb":"Ikke redusert","en":"No impairment"},"localizedDescriptions":{"nb":"Reagerer på muntlige beskjeder. Har ingen svikt i sanseapparat med begrensning av evnen til å kjenne eller gi uttrykk for smerte eller ubehag.","en":"Responds to verbal commands. Has no sensory deficit which would limit ability to feel or voice pain or discomfort."}}],"validation":null,"defaultValue":null,"listOpen":false,"threeState":null,"presentation":null,"hideTime":false,"columns":null,"lines":null}],"formId":"skåringer/skåringer/braden-skala/uspesifisert_hendelse/evnen_til_å_oppfatte_og_reagere_på_stimuli","cardinality":null,"viewConfig":{"multiplicity":null,"advanced":{"hidden":false,"readonly":false,"tags":null},"label":{"custom":false,"value":null,"useLocalizations":false,"localizationsList":null},"expanded":null,"layout":{"label":{"valign":"inherit","align":"inherit"},"field":{"valign":"inherit","align":"inherit"}},"size":{"field":"inherit","label":"inherit"},"datasource":null,"extras":{"imageCfg":{"image":"braden_scale_sensory.png","areas":[{"alt":"Totalt redusert","coords":"173,3,344,97","shape":"rect","indicator":"none","value":"at0005"},{"alt":"Meget redusert","coords":"346,4,520,98","shape":"rect","indicator":"none","value":"at0006"},{"alt":"Noe redusert","coords":"520,3,691,96","shape":"rect","indicator":"none","value":"at0007"},{"alt":"Ikke redusert","coords":"694,2,862,96","shape":"rect","indicator":"none","value":"at0008"}]}},"annotations":{"calcId":"b1","areaColor":"RED"},"field":[{"input":{"suffix":null,"type":null,"terminology":null,"list":null,"validation":null,"defaultValue":null,"listOpen":false,"threeState":null,"presentation":"image","hideTime":false,"columns":"1","lines":null},"code":null,"hidden":null,"name":null,"formId":null,"type":null}],"tags":["HideLabel"]},"dependsOn":null,"children":[],"inContext":null},{"parent":null,"id":null,"name":"Fuktighet","localizedName":"Fuktighet","localizedNames":{"en":"Moisture","nb":"Fuktighet"},"localizedDescriptions":{"nb":"I hvor stor grad er huden utsatt for fuktighet.","en":"Degree to which skin is exposed to moisture."},"rmType":"DV_ORDINAL","nodeId":"at0009","min":0,"max":1,"aqlPath":"/content[openEHR-EHR-SECTION.adhoc.v1 and name/value='Skåringer']/items[openEHR-EHR-OBSERVATION.braden_scale.v1]/data[at0001]/events[at0002]/data[at0003]/items[at0009]/value","inputs":[{"suffix":null,"type":"CODED_TEXT","terminology":null,"list":[{"value":"at0015","label":"Fuktig mesteparten av tiden","currentStates":null,"validation":null,"ordinal":1,"localizedLabels":{"nb":"Fuktig mesteparten av tiden","en":"Constantly moist"},"localizedDescriptions":{"nb":"Huden er fuktig store deler av tiden på grunn av svette, urin o.l. Fuktighet kjennes hver gang pasienten skal flyttes eller snus.","en":"Skin is kept moist almost constantly by perspiration, urine etc. Dampness is detected every time patient is moved or turned."}},{"value":"at0016","label":"Fuktig","currentStates":null,"validation":null,"ordinal":2,"localizedLabels":{"nb":"Fuktig","en":"Very moist"},"localizedDescriptions":{"nb":"Huden er ofte fuktig, men ikke alltid. Sengetøyskift er nødvendig minst 3 ganger per 24 timer.","en":"Skin is often, but not always moist. Linen must be changed as often as 3 times in 24 hours."}},{"value":"at0017","label":"Fuktig av og til","currentStates":null,"validation":null,"ordinal":3,"localizedLabels":{"nb":"Fuktig av og til","en":"Occasionally moist"},"localizedDescriptions":{"nb":"Huden er fuktig av og til, sengetøyskift er nødvendig omtrent en gang pr. dag.","en":"Skin is occasionally moist, requiring an extra linen change approximately once a day."}},{"value":"at0018","label":"Sjelden fuktig","currentStates":null,"validation":null,"ordinal":4,"localizedLabels":{"nb":"Sjelden fuktig","en":"Rarely moist"},"localizedDescriptions":{"nb":"Huden er vanligvis tørr, sengetøyet skiftes kun til fastsatte tidspunkter.","en":"Skin is usually dry, linen only requires changing at routine intervals."}}],"validation":null,"defaultValue":null,"listOpen":false,"threeState":null,"presentation":null,"hideTime":false,"columns":null,"lines":null}],"formId":"skåringer/skåringer/braden-skala/uspesifisert_hendelse/fuktighet","cardinality":null,"viewConfig":{"multiplicity":null,"advanced":{"hidden":false,"readonly":false,"tags":null},"label":{"custom":false,"value":null,"useLocalizations":false,"localizationsList":null},"expanded":null,"layout":{"label":{"valign":"inherit","align":"inherit"},"field":{"valign":"inherit","align":"inherit"}},"size":{"field":"inherit","label":"inherit"},"datasource":null,"extras":{"imageCfg":{"image":"braden_scale_moisture.png","areas":[{"alt":"Fuktig mesteparten av tiden","coords":"174,1,348,95","shape":"rect","indicator":"none","value":"at0015"},{"alt":"Fuktig","coords":"350,1,520,94","shape":"rect","indicator":"none","value":"at0016"},{"alt":"Fuktig av og til","coords":"520,1,691,92","shape":"rect","indicator":"none","value":"at0017"},{"alt":"Sjelden fuktig","coords":"693,0,865,94","shape":"rect","indicator":"none","value":"at0018"}]}},"annotations":{"calcId":"b2","areaColor":"YELLOW"},"field":[{"input":{"suffix":null,"type":null,"terminology":null,"list":null,"validation":null,"defaultValue":null,"listOpen":false,"threeState":null,"presentation":"image","hideTime":false,"columns":"1","lines":null},"code":null,"hidden":null,"name":null,"formId":null,"type":null}],"tags":["HideLabel"]},"dependsOn":null,"children":[],"inContext":null},{"parent":null,"id":null,"name":"Aktivitet","localizedName":"Aktivitet","localizedNames":{"en":"Activity","nb":"Aktivitet"},"localizedDescriptions":{"nb":"Grad av fysisk aktivitet.","en":"Degree of physical ability."},"rmType":"DV_ORDINAL","nodeId":"at0010","min":0,"max":1,"aqlPath":"/content[openEHR-EHR-SECTION.adhoc.v1 and name/value='Skåringer']/items[openEHR-EHR-OBSERVATION.braden_scale.v1]/data[at0001]/events[at0002]/data[at0003]/items[at0010]/value","inputs":[{"suffix":null,"type":"CODED_TEXT","terminology":null,"list":[{"value":"at0011","label":"Sengeliggende","currentStates":null,"validation":null,"ordinal":1,"localizedLabels":{"nb":"Sengeliggende","en":"Bedfast"},"localizedDescriptions":{"nb":"Er ikke ute av sengen. Eventuelt løftes ut av sengen og løftes tilbake igjen etter meget kort tid.","en":"Confined to bed."}},{"value":"at0012","label":"Stolbundet","currentStates":null,"validation":null,"ordinal":2,"localizedLabels":{"nb":"Stolbundet","en":"Chairfast"},"localizedDescriptions":{"nb":"Evnen til å gå er svært begrenset eller mangler helt. Kan ikke bære egen kroppsvekt og/eller må ha hjelp til å komme seg over i stol eller rullestol.","en":"Ability to walk severely limited or non-existent. Cannot bear own weight and/or must be assisted into chair or wheelchair."}},{"value":"at0013","label":"Går av og til","currentStates":null,"validation":null,"ordinal":3,"localizedLabels":{"nb":"Går av og til","en":"Walks occasionally"},"localizedDescriptions":{"nb":"Går av og til I løpet av dagen men kun korte avstander, med eller uten hjelp. Tilbringer mesteparten av hver vakt i seng eller stol.","en":"Walks occasionally during day, but for very short distances, with or without assistance. Spends majority of each shift in bed or chair. OR spends majority of each day at home in bed or chair."}},{"value":"at0014","label":"Går ofte","currentStates":null,"validation":null,"ordinal":4,"localizedLabels":{"nb":"Går ofte","en":"Walks frequently"},"localizedDescriptions":{"nb":"Går utenfor rommet minst to ganger daglig og I rommet minst en gang\nannen hver time om dagen.","en":"Walks outside room at least twice a day and inside room at least once every two hours during waking hours."}}],"validation":null,"defaultValue":null,"listOpen":false,"threeState":null,"presentation":null,"hideTime":false,"columns":null,"lines":null}],"formId":"skåringer/skåringer/braden-skala/uspesifisert_hendelse/aktivitet","cardinality":null,"viewConfig":{"multiplicity":null,"advanced":{"hidden":false,"readonly":false,"tags":null},"label":{"custom":false,"value":null,"useLocalizations":false,"localizationsList":null},"expanded":null,"layout":{"label":{"valign":"inherit","align":"inherit"},"field":{"valign":"inherit","align":"inherit"}},"size":{"field":"inherit","label":"inherit"},"datasource":null,"extras":{"imageCfg":{"image":"braden_scale_activity.png","areas":[{"alt":"Sengeliggende","coords":"174,2,347,77","shape":"rect","indicator":"none","value":"at0011"},{"alt":"Stolbundet","coords":"349,0,515,77","shape":"rect","indicator":"none","value":"at0012"},{"alt":"Går av og til","coords":"520,1,693,76","shape":"rect","indicator":"none","value":"at0013"},{"alt":"Går ofte","coords":"696,0,865,76","shape":"rect","indicator":"none","value":"at0014"}]}},"annotations":{"calcId":"b3","areaColor":"GREEN"},"field":[{"input":{"suffix":null,"type":null,"terminology":null,"list":null,"validation":null,"defaultValue":null,"listOpen":false,"threeState":null,"presentation":"image","hideTime":false,"columns":"1","lines":null},"code":null,"hidden":null,"name":null,"formId":null,"type":null}],"tags":["HideLabel"]},"dependsOn":null,"children":[],"inContext":null},{"parent":null,"id":null,"name":"Mobilitet","localizedName":"Mobilitet","localizedNames":{"en":"Mobility","nb":"Mobilitet"},"localizedDescriptions":{"nb":"Evne til å styre kroppen og skifte stilling.","en":"Ability to change and control body position."},"rmType":"DV_ORDINAL","nodeId":"at0019","min":0,"max":1,"aqlPath":"/content[openEHR-EHR-SECTION.adhoc.v1 and name/value='Skåringer']/items[openEHR-EHR-OBSERVATION.braden_scale.v1]/data[at0001]/events[at0002]/data[at0003]/items[at0019]/value","inputs":[{"suffix":null,"type":"CODED_TEXT","terminology":null,"list":[{"value":"at0026","label":"Fullstendig immobil","currentStates":null,"validation":null,"ordinal":1,"localizedLabels":{"nb":"Fullstendig immobil","en":"Completely immobile"},"localizedDescriptions":{"nb":"Gjør ingen endringer i kroppens stilling eller endring av ekstremiteters stilling uten hjelp.","en":"Does not make even slight changes in body or extremity position without assistance."}},{"value":"at0027","label":"Meget begrenset","currentStates":null,"validation":null,"ordinal":2,"localizedLabels":{"nb":"Meget begrenset","en":"Very limited"},"localizedDescriptions":{"nb":"Gjør av og til mindre endringer i kroppens eller ekstremitetenes stilling, men er ikke i stand til å gjøre hyppige eller større endringer uten hjelp.","en":"Makes occasional slight changes in body or extremity position but unable to make frequent or significant changes independently."}},{"value":"at0028","label":"Noe begrenset","currentStates":null,"validation":null,"ordinal":3,"localizedLabels":{"nb":"Noe begrenset","en":"Slightly limited"},"localizedDescriptions":{"nb":"Gjør hyppige eller mindre endringer i kroppens eller ekstremitetenes stilling selv.","en":"Makes frequent though slight changes in body or extremity position independently."}},{"value":"at0029","label":"Ingen begrensninger","currentStates":null,"validation":null,"ordinal":4,"localizedLabels":{"nb":"Ingen begrensninger","en":"No limitation"},"localizedDescriptions":{"nb":"Gjør store og hyppige endringer i stilling uten hjelp.","en":"Makes major and frequent changes in position without assistance."}}],"validation":null,"defaultValue":null,"listOpen":false,"threeState":null,"presentation":null,"hideTime":false,"columns":null,"lines":null}],"formId":"skåringer/skåringer/braden-skala/uspesifisert_hendelse/mobilitet","cardinality":null,"viewConfig":{"multiplicity":null,"advanced":{"hidden":false,"readonly":false,"tags":null},"label":{"custom":false,"value":null,"useLocalizations":false,"localizationsList":null},"expanded":null,"layout":{"label":{"valign":"inherit","align":"inherit"},"field":{"valign":"inherit","align":"inherit"}},"size":{"field":"inherit","label":"inherit"},"datasource":null,"extras":{"imageCfg":{"image":"braden_scale_mobility.png","areas":[{"alt":"Fullstendig immobil","coords":"173,2,345,99","shape":"rect","indicator":"none","value":"at0026"},{"alt":"Meget begrenset","coords":"347,1,519,98","shape":"rect","indicator":"none","value":"at0027"},{"alt":"Noe begrenset","coords":"520,1,692,94","shape":"rect","indicator":"none","value":"at0028"},{"alt":"Ingen begrensninger","coords":"693,0,863,98","shape":"rect","indicator":"none","value":"at0029"}]}},"annotations":{"calcId":"b4","areaColor":"PINK"},"field":[{"input":{"suffix":null,"type":null,"terminology":null,"list":null,"validation":null,"defaultValue":null,"listOpen":false,"threeState":null,"presentation":"image","hideTime":false,"columns":"1","lines":null},"code":null,"hidden":null,"name":null,"formId":null,"type":null}],"tags":["HideLabel"]},"dependsOn":null,"children":[],"inContext":null},{"parent":null,"id":null,"name":"Ernæring","localizedName":"Ernæring","localizedNames":{"en":"Nutrition","nb":"Ernæring"},"localizedDescriptions":{"nb":"Vanlig mønster for fødeinntak/ ernæring .","en":"Usual food intake pattern."},"rmType":"DV_ORDINAL","nodeId":"at0020","min":0,"max":1,"aqlPath":"/content[openEHR-EHR-SECTION.adhoc.v1 and name/value='Skåringer']/items[openEHR-EHR-OBSERVATION.braden_scale.v1]/data[at0001]/events[at0002]/data[at0003]/items[at0020]/value","inputs":[{"suffix":null,"type":"CODED_TEXT","terminology":null,"list":[{"value":"at0030","label":"Svært dårlig","currentStates":null,"validation":null,"ordinal":1,"localizedLabels":{"nb":"Svært dårlig","en":"Very poor"},"localizedDescriptions":{"nb":"Spiser aldri et fullstendig måltid. Spiser sjelden mer enn en tredjedel av maten som tilbys. Spiser to porsjoner eller mindre av proteiner (kjøtt eller melkeprodukter) pr. dag. Tar ikke drikke med ernæringstilskudd, eller Er null pr. os og/eller får kun klar væske eller intravenøst i mer enn 5 døgn.","en":"Never eats a complete meal. Rarely eats more than a 1/3 of any food offered. Eats 2 servings or less of protein (meat or dairy products) per day. Takes fluids poorly. Does not take a liquid dietary supplement. OR is NPO and/or maintained on clear liquids or IV's for more than 5 days."}},{"value":"at0031","label":"Sannsynligvis utilstrekkelig","currentStates":null,"validation":null,"ordinal":2,"localizedLabels":{"nb":"Sannsynligvis utilstrekkelig","en":"Probably inadequate"},"localizedDescriptions":{"nb":"Spiser sjelden et fullstendig måltid og spiser kun omtrent halvparten av maten som tilbys. Proteininntak omfatter kun tre porsjoner kjøtt eller melkeprodukter pr. dag. Får ernæringstilskudd av og til, eller får mindre enn optimal mengde flytende kost eller sondenæring.","en":"Rarely eats a complete meal and generally eats only about 1/2 of any food offered. Protein intake includes only 3 servings of meat or dairy products per day. Occasionally will take a dietary supplement. OR receives less than optimum amount of liquid diet or tube feeding."}},{"value":"at0032","label":"Tilstrekkelig","currentStates":null,"validation":null,"ordinal":3,"localizedLabels":{"nb":"Tilstrekkelig","en":"Adequate"},"localizedDescriptions":{"nb":"Spiser mer enn halvparten av de fleste måltider. Spiser totalt fire porsjoner protein (kjøtt eller melkeprodukter) pr. dag. Avviser av og til et måltid, men tar vanligvis tilskudd hvis tilbudt. eller\nFår sondeernæring eller totalparenteral ernæring, som sannsynligvis tilfredsstiller ernæringsbehovet.","en":"Eats over half of most meals. Eats a total of 4 servings of protein (meat, dairy products per day. Occasionally will refuse a meal, but will usually take a supplement when offered OR is on a tube feeding or TPN regimen which probably meets most of their nutritional needs."}},{"value":"at0033","label":"Meget bra","currentStates":null,"validation":null,"ordinal":4,"localizedLabels":{"nb":"Meget bra","en":"Excellent"},"localizedDescriptions":{"nb":"Spiser mesteparten av hvert måltid. Avviser aldri et måltid. Spiser vanligvis fire eller flere porsjoner med kjøtt og melkeprodukter. Spiser av og til mellom måltider. Har ikke behov for ernæringstilskudd.","en":"Eats most of every meal. Never refuses a meal. Usually eats a total of 4 or more servings of meat and dairy products. Occasionally eats between meals. Does not require supplementation."}}],"validation":null,"defaultValue":null,"listOpen":false,"threeState":null,"presentation":null,"hideTime":false,"columns":null,"lines":null}],"formId":"skåringer/skåringer/braden-skala/uspesifisert_hendelse/ernæring","cardinality":null,"viewConfig":{"multiplicity":null,"advanced":{"hidden":false,"readonly":false,"tags":null},"label":{"custom":false,"value":null,"useLocalizations":false,"localizationsList":null},"expanded":null,"layout":{"label":{"valign":"inherit","align":"inherit"},"field":{"valign":"inherit","align":"inherit"}},"size":{"field":"inherit","label":"inherit"},"datasource":null,"extras":{"imageCfg":{"image":"braden_scale_nutrition.png","areas":[{"alt":"Svært dårlig","coords":"176,0,347,77","shape":"rect","indicator":"none","value":"at0030"},{"alt":"Sannsynligvis utilstrekkelig","coords":"349,1,521,74","shape":"rect","indicator":"none","value":"at0031"},{"alt":"Tilstrekkelig","coords":"520,1,693,77","shape":"rect","indicator":"none","value":"at0032"},{"alt":"Meget bra","coords":"693,0,863,78","shape":"rect","indicator":"none","value":"at0033"}]}},"annotations":{"calcId":"b5","areaColor":"WHITE"},"field":[{"input":{"suffix":null,"type":null,"terminology":null,"list":null,"validation":null,"defaultValue":null,"listOpen":false,"threeState":null,"presentation":"image","hideTime":false,"columns":"1","lines":null},"code":null,"hidden":null,"name":null,"formId":null,"type":null}],"tags":["HideLabel"]},"dependsOn":null,"children":[],"inContext":null},{"parent":null,"id":null,"name":"Friksjon og skyveeffekt","localizedName":"Friksjon og skyveeffekt","localizedNames":{"en":"Friction and shear","nb":"Friksjon og skyveeffekt"},"localizedDescriptions":{"nb":"Friksjon oppstår når hud beveges mot overflater. Skyveeffekt oppstår når hud og underliggende bein beveges over hverandre.","en":"Friction occurs when skin moves against support surfaces. Shear occurs when skin and adjacent bony surface slide across one another."},"rmType":"DV_ORDINAL","nodeId":"at0021","min":0,"max":1,"aqlPath":"/content[openEHR-EHR-SECTION.adhoc.v1 and name/value='Skåringer']/items[openEHR-EHR-OBSERVATION.braden_scale.v1]/data[at0001]/events[at0002]/data[at0003]/items[at0021]/value","inputs":[{"suffix":null,"type":"CODED_TEXT","terminology":null,"list":[{"value":"at0023","label":"Problem","currentStates":null,"validation":null,"ordinal":1,"localizedLabels":{"nb":"Problem","en":"Problem"},"localizedDescriptions":{"nb":"Trenger moderat til maksimalt hjelp ved forflytning. Løfting uten gnidning mot sengetøy er ikke mulig. Glir ofte ned i sengen eller stolen. Trenger hyppig stillingsendring med maksimal assistanse. Muskelspasmer, kontrakturer eller agitasjon medfører friksjon nesten hele tiden.","en":"Requires moderate to maximum assistance in moving. Complete lifting without sliding against sheets is impossible. Frequently slides down in bed or chair, requiring frequent repositioning with maximum assistance. Spasticity, contractures or agitation leads to almost constant friction."}},{"value":"at0024","label":"Potensielt problem","currentStates":null,"validation":null,"ordinal":2,"localizedLabels":{"nb":"Potensielt problem","en":"Potential problem"},"localizedDescriptions":{"nb":"Er svak og skral eller trenger noe hjelp til å bevege seg. Under forflytning glir huden til en viss grad mot laken, stol eller hjelpemidler. Opprettholder bra stilling i stol eller seng mesteparten av tiden, men glir ned av og til.","en":"Moves feebly or requires minimum assistance. During a move skin probably slides to some extent against sheets, chair, restraints or other devices. Maintains relatively good position in chair or bed most of the time but occasionally slides down."}},{"value":"at0025","label":"Ikke noe øyensynlig problem","currentStates":null,"validation":null,"ordinal":3,"localizedLabels":{"nb":"Ikke noe øyensynlig problem","en":"No apparent problem"},"localizedDescriptions":{"nb":"Forflytter seg i seng og i stol uten hjelp og har tilstrekkelig muskelstyrke til å løfte seg helt fra\nunderlaget ved forflytning. Opprettholder god stilling i seng eller stol til enhver tid.","en":"Moves in bed and in chair independently and has sufficient muscle strength to lift up completely during move. Maintains good position in bed or chair."}}],"validation":null,"defaultValue":null,"listOpen":false,"threeState":null,"presentation":null,"hideTime":false,"columns":null,"lines":null}],"formId":"skåringer/skåringer/braden-skala/uspesifisert_hendelse/friksjon_og_skyveeffekt","cardinality":null,"viewConfig":{"multiplicity":null,"advanced":{"hidden":false,"readonly":false,"tags":null},"label":{"custom":false,"value":null,"useLocalizations":false,"localizationsList":null},"expanded":null,"layout":{"label":{"valign":"inherit","align":"inherit"},"field":{"valign":"inherit","align":"inherit"}},"size":{"field":"inherit","label":"inherit"},"datasource":null,"extras":null,"annotations":{"calcId":"b6"},"field":[{"input":{"suffix":null,"type":null,"terminology":null,"list":null,"validation":null,"defaultValue":null,"listOpen":false,"threeState":null,"presentation":"combobox","hideTime":false,"columns":"1","lines":null},"code":null,"hidden":null,"name":null,"formId":null,"type":null}],"tags":null},"dependsOn":null,"children":[],"inContext":null},{"parent":null,"id":null,"name":"Braden totalskår","localizedName":"Braden totalskår","localizedNames":{"en":"Total score","nb":"Braden totalskår"},"localizedDescriptions":{"nb":"Totalskår basert på summering av alle underskår som fastslår pasientens risiko for å utvikle trykksår.","en":"The sum of the ordinal scores recorded for each of the six component responses."},"rmType":"DV_COUNT","nodeId":"at0022","min":0,"max":1,"aqlPath":"/content[openEHR-EHR-SECTION.adhoc.v1 and name/value='Skåringer']/items[openEHR-EHR-OBSERVATION.braden_scale.v1]/data[at0001]/events[at0002]/data[at0003]/items[at0022]/value","inputs":[{"suffix":null,"type":"INTEGER","terminology":null,"list":null,"validation":null,"defaultValue":"","listOpen":false,"threeState":null,"presentation":null,"hideTime":false,"columns":null,"lines":null}],"formId":"skåringer/skåringer/braden-skala/uspesifisert_hendelse/braden_totalskår","cardinality":null,"viewConfig":{"multiplicity":null,"advanced":{"hidden":false,"readonly":false,"tags":null},"label":{"custom":false,"value":null,"useLocalizations":false,"localizationsList":null},"expanded":null,"layout":{"label":{"valign":"inherit","align":"inherit"},"field":{"valign":"inherit","align":"inherit"}},"size":{"field":"inherit","label":"inherit"},"datasource":null,"extras":null,"annotations":{"calc":"SUM(b1,b2,b3,b4,b5,b6)"},"field":[],"tags":null},"dependsOn":null,"children":[],"inContext":null},{"parent":null,"id":null,"name":"Kommentar","localizedName":"Kommentar","localizedNames":{"nb":"Kommentar","en":"Comment"},"localizedDescriptions":{"nb":"Ytterligere kommentar om bruk av Braden-skalaen.","en":"Additional narrative about the assessment of the Braden scale, not captured in the structured ratings."},"rmType":"DV_TEXT","nodeId":"at0034","min":0,"max":1,"aqlPath":"/content[openEHR-EHR-SECTION.adhoc.v1 and name/value='Skåringer']/items[openEHR-EHR-OBSERVATION.braden_scale.v1]/data[at0001]/events[at0002]/data[at0003]/items[at0034]/value","inputs":[{"suffix":null,"type":"TEXT","terminology":null,"list":null,"validation":null,"defaultValue":null,"listOpen":false,"threeState":null,"presentation":null,"hideTime":false,"columns":null,"lines":null}],"formId":"skåringer/skåringer/braden-skala/uspesifisert_hendelse/kommentar","cardinality":null,"viewConfig":{"multiplicity":null,"advanced":null,"label":null,"expanded":null,"layout":null,"size":null,"datasource":null,"extras":null,"annotations":{},"field":[],"tags":[]},"dependsOn":null,"children":[],"inContext":null}],"inContext":null}],"inContext":null}],"inContext":null}